feature,p-value,effect_size,q-value,in_group_gene_effect_mean,out_group_gene_effect_mean
TFRC,1.631826440300091e-05,1.2727792506327045,0.012597700119116702,-0.3889711335655587,-0.9735095359558571
SLC25A28,0.0001197449114035878,-1.1165533842291966,0.018488614320713956,-0.32544330887348416,0.0573583462273081
ITGAV,0.00010641551951365055,-1.126056283491864,0.018488614320713956,-0.9282490312102251,-0.4531470296814783
GRHL2,6.997654282951465e-05,1.1595267848335808,0.018488614320713956,-0.05946162364663258,-0.33305395183755554
MED23,9.519649580289466e-05,1.1349943381061307,0.018488614320713956,-0.06859811697743837,-0.4423549441510235
FGFR1,0.00029276818104269163,-1.0432869864733962,0.03766950596082633,-0.4165314572095928,-0.018529307763859377
SLC7A5,0.0004533949257267896,1.0065231088344888,0.045152882197413736,-0.16584263568282567,-0.5642540336992249
SLC3A2,0.0005186112398736024,0.9950908683379092,0.045152882197413736,-0.3082236697592555,-0.5765684669145063
RIC1,0.0005263937043739944,0.9938196764640738,0.045152882197413736,-0.4415962423148013,-0.8981250832334979
SNAP23,0.000738628019798191,0.9646780345761761,0.05183825738947304,-0.49148695042927004,-1.0137798830763352
TFDP1,0.0007194230055599326,0.966960802992313,0.05183825738947304,-0.2986741252069293,-0.5897341751026857
CDH2,0.0008660784751792475,-0.9508238891607103,0.05571771523653159,-0.3971972098243463,-0.12154366686077167
NAMPT,0.001079641203715424,0.9314612545965365,0.061064102375013016,-0.17228320053184693,-0.5152852886013322
SLC4A7,0.0011073800948836557,0.9292188252544952,0.061064102375013016,-0.2969816900752841,-0.5881101843493783
XYLT2,0.0012358782846949444,-0.9194803120854158,0.06360653571896648,-0.4577357184997457,-0.20675993239518248
JUNB,0.001532745589948535,0.9002182946684801,0.07144233032394086,-0.1622182713054231,-0.356820669062126
ITGA3,0.0017035332345061013,0.8906824162566509,0.07144233032394086,-0.07153057860677563,-0.30428262064445627
MYH9,0.0017083720386578511,0.8904256083660269,0.07144233032394086,-0.4047579498170273,-0.8490489074715211
CFL1,0.0017582956945011352,0.8878153684066573,0.07144233032394086,-0.3989635724139241,-0.7734900380891068
KLF6,0.002089549796138727,0.8720830364096833,0.08065662213095487,-0.01733647960277096,-0.1698236413932631
FAM83H,0.0023920430986744405,0.8596476961862604,0.08591018851275815,-0.05028530338800278,-0.201084862969019
EPS8L2,0.0024694822528519627,0.8567023870551728,0.08591018851275815,-0.11378195573135079,-0.2162090064282942
KLF5,0.0026004713765808737,0.8519122341474671,0.08591018851275815,-0.11712765133927856,-0.46419099356903903
GALNT16,0.0026707830625727924,0.8494335826992058,0.08591018851275815,-0.0928547316052081,-0.1820249718922643
FERMT2,0.003908154864765377,-0.8135980539733324,0.1005698518532957,-0.7988745639274897,-0.40533435912855426
LCE1B,0.0038047657649187944,0.8161514668714571,0.1005698518532957,-0.07704777898372867,-0.28283312624865664
CDK6,0.003498055415376726,0.8241260403502217,0.1005698518532957,-0.5943771743767525,-0.9420670647103568
MYL6,0.0032868992178539157,0.830004919536084,0.1005698518532957,-0.02308313883560576,-0.22391795430636927
LLGL2,0.0038967283687937563,0.8138771407260578,0.1005698518532957,0.003997679075956472,-0.1219130680172982
PPCDC,0.003880655978934985,0.8142709946598281,0.1005698518532957,0.06553935258402666,-0.20429029574367688
PTK2,0.0048525013209087245,-0.792811196317105,0.11018032411004516,-0.9551940194898211,-0.6455205721332841
ITGB1,0.004531913166731721,0.7994100499226158,0.11018032411004516,-0.19538567006963042,-0.520937216628667
SLC35B2,0.004789682308787378,-0.794071683655569,0.11018032411004516,-0.5582400011732809,-0.2814644397233128
EP300,0.004786714846766935,-0.7941316057586222,0.11018032411004516,-0.3003090666536835,-0.040871803579854524
LUC7L,0.0052962950468336874,0.78431469876883,0.11620130766471558,-0.012970337735118066,-0.09514589934669385
MCL1,0.005569233657505798,-0.7794113667297716,0.11620130766471558,-0.7424098874006199,-0.3994300268216396
FOXA2,0.005450432528206676,-0.7815176410890626,0.11620130766471558,-0.29516573605428637,-0.10571129204176585
MBTD1,0.00602245649541098,0.7717403743189352,0.11735328604983389,-0.3274283466674933,-0.45098846881982385
STX4,0.006080481142478439,0.770797124593431,0.11735328604983389,-0.4349996447569729,-0.7289530347685872
GPX4,0.006066146772121398,-0.7710293682458645,0.11735328604983389,-0.6083847942888009,-0.332546887883018
EIPR1,0.006356542081211511,0.766420343113668,0.11968903626086065,-0.03854935063640437,-0.2308450612494869
NLRP1,0.006752361266821238,0.7604416240543691,0.12411483090442847,0.03358425312208803,-0.03955426666286732
EGFR,0.007230400934256941,0.7536375563802491,0.12981091909875253,-0.4088881486541632,-0.7396912137863552
MVK,0.007722908421128681,0.7470477274445215,0.13031765063747563,-0.464686247180967,-0.7348522523233842
SLC12A7,0.007765041359227822,0.7465020786747562,0.13031765063747563,-0.041023722291767775,-0.1487409335648112
KRAS,0.007522719225550544,0.7496782998251954,0.13031765063747563,-0.5854151274698657,-1.0575369204267746
IDH3A,0.008195471028829285,0.741078430739597,0.13461497094162145,-0.3299006608389192,-0.5817562378061972
UBE2D3,0.008527694709997768,0.7370682474701165,0.13715375658579743,-0.39037509454243924,-0.6625001955335262
GLS,0.008863711276698752,0.7331554857434948,0.1396486756247232,-0.06858187623129886,-0.2759295481627089
RAB6A,0.010399591782092418,0.716840143032099,0.16056969711550695,-0.45232417345929204,-0.7622592916296435
CYB5B,0.010882564787658845,0.7121641858657558,0.16156423107831977,-0.25466022781318526,-0.47429618210193225
RPP25L,0.010695039113046001,-0.7139568155935425,0.16156423107831977,-0.4068880973425798,-0.19491203492560402
TGFBR1,0.011824256474702727,0.703566951919537,0.17223256600887746,-0.0022946214582334847,-0.19564788950308154
SREBF1,0.012317922710093082,0.6993061472501497,0.17610067281836778,-0.1714317592568339,-0.5366601480374716
SNX17,0.012711224244697885,0.6960212579998593,0.17841936576194123,-0.14004866651805337,-0.24496654460331513
STXBP1,0.013353154753963072,0.6908529464835824,0.1818688791648777,-0.08841724404907089,-0.17852617196427678
PPA2,0.013428142632639934,-0.6902639850207651,0.1818688791648777,-0.563437392426365,-0.2833648603553118
RAB10,0.013897225122483705,0.6866460205958935,0.183384233992577,-0.39088332871483855,-0.6636012638572091
ATP5MK,0.014015116328448242,-0.6857541544564211,0.183384233992577,-0.25242841936432087,-0.15563294665527125
FPGS,0.014310705833766561,0.6835474889223333,0.1841310817277964,-0.3353056382807265,-0.602123192255261
PPCS,0.015554358695462185,0.6746929639684833,0.1876244517640126,-0.2536164288887688,-0.38643076593846937
BTBD1,0.01534899428797419,0.6761099623177815,0.1876244517640126,0.032607879195838727,-0.05899870834138463
EFR3A,0.01498429974560096,0.6786690733223644,0.1876244517640126,-0.4255407214589094,-0.719529170273774
SELENOI,0.015322700861121313,-0.6762926195013892,0.1876244517640126,-0.1432944612728499,-0.0019038628929245027
CDH1,0.01606881872915895,0.6712160193018495,0.1908481239832417,-0.08376507445075417,-0.2673334343851757
PEX2,0.016406731273010407,0.6689864925196205,0.1919090385267278,-0.021139981964814432,-0.11662908293878495
NMNAT1,0.019475348696338015,0.6504398951434176,0.20317525937260741,-0.15761599665250703,-0.3285190785160949
TGFBR2,0.019324869376534614,0.6512859540804021,0.20317525937260741,0.1605311229088604,0.03957383225928314
PIAS1,0.018993300525597057,0.6531712213407865,0.20317525937260741,-0.09207628291184508,-0.25029334186293806
TLE3,0.018690253442676327,0.6549203188605066,0.20317525937260741,-0.011107902063524043,-0.12500434632189228
PLEKHA3,0.018603643095742722,0.6554248840742228,0.20317525937260741,0.08919218342727601,0.026720209806672342
CCND3,0.018354310860340735,0.6568892811264814,0.20317525937260741,-0.17399379668955445,-0.31478757076435987
MTR,0.018054032616925543,0.6586768006936324,0.20317525937260741,-0.13133403516078546,-0.2574437004394306
DGKD,0.01775533738214052,0.6604815987618509,0.20317525937260741,4.9485561797375884e-05,-0.1232594275345393
SCAP,0.020566656132279072,0.6444736054909986,0.2090560003436089,-0.7227083699229306,-1.21442030916066
TNP2,0.020580642520873417,0.6443989974180611,0.2090560003436089,0.06491171782768174,0.007185227284027429
TXLNB,0.020980269467350935,0.6422861833191693,0.2103476367375964,0.07273169509707558,0.0033436564603008022
CLPTM1,0.022423704066926235,0.6349428981926086,0.21638874424583818,-0.15096208201046085,-0.23123864299598035
GRK2,0.022282151849192574,0.6356440606556605,0.21638874424583818,-0.23942331581640558,-0.36985803718631927
ARID1B,0.022300748863907427,-0.6355517161759731,0.21638874424583818,-0.3041217987822745,-0.15530388466270195
STX7,0.023265875070140305,0.6308510936427781,0.22174389573022613,0.07797795881535458,0.009793343699796439
NTHL1,0.024218245221155812,0.6263798706343071,0.22641311128419983,-0.026745564982367336,-0.11178950795317139
PDCD6,0.024342342275373813,0.625808823856101,0.22641311128419983,-0.15211537565399155,-0.27979937208405187
FLOT1,0.025014651420652165,0.6227593787159451,0.22948782137437695,-0.05601988853771721,-0.2159766367582552
RAB35,0.02526744147256741,0.6216315915174692,0.22948782137437695,-0.0503098957273382,-0.21333829030820636
ACTB,0.02576941950671637,-0.6194214716679639,0.23132548673470973,-0.946818223968194,-0.6845993434554579
PEX5,0.026285462577610108,0.6171888927826824,0.233245713907069,-0.09530963673268233,-0.1923160926615289
GAREM1,0.027496567965490628,0.6120980621002979,0.24094022543206936,-0.07874576963947584,-0.1673778296388782
EIF4E1B,0.02819669449866153,0.6092449669612179,0.24094022543206936,0.0008754543659643518,-0.059407455780021275
MAPK7,0.028326705799514622,0.6087220653535298,0.24094022543206936,0.03823511447493236,-0.07198435613157302
BAMBI,0.02840098512217398,-0.6084242676256975,0.24094022543206936,-0.1874949097498921,-0.05582382851245647
UFM1,0.02923746698466816,-0.6051173475970809,0.2427024141092884,-0.9356937609182538,-0.681270716513343
MAGEB17,0.029183447289031578,0.6053283669376912,0.2427024141092884,0.15881199005841862,0.10878796659081491
HNF1A,0.030006671182316858,-0.6021493123068055,0.24643776758243208,-0.22525097742194028,-0.059408650879863016
RAB42,0.030879514690432854,0.5988615649326378,0.2509366878001491,-0.058467525917114224,-0.151405846003921
LENEP,0.03322097403976294,0.5904298032742298,0.2643978552442989,0.03417754551601567,-0.049723906956147104
SOX9,0.03301675871509198,0.5911440386807069,0.2643978552442989,-0.3323407444889253,-0.5233568189123007
GLMN,0.035076235027279246,0.584111815912946,0.2763148310312202,-0.38481463080008654,-0.52563154686385
GPR101,0.03640099795899532,-0.5797772014417165,0.28003589613082097,-0.0755155136533862,-0.009066085858393087
NR5A1,0.03738128899546333,-0.5766576373840935,0.28003589613082097,-0.16082150921392632,-0.05691941593258338
ELMO2,0.037506112608707946,-0.5762655571034395,0.28003589613082097,-0.508443286465615,-0.2670012368008514
ITGB5,0.03772504300207951,-0.5755806233841347,0.28003589613082097,-0.631086731174005,-0.41968888849236535
CASTOR2,0.03760204415480841,0.5759650024421119,0.28003589613082097,-0.07196738572674856,-0.15345048991140423
TPTE2,0.037267427653400347,0.5770162826601374,0.28003589613082097,-0.16785852400013315,-0.24957900278789652
KMT2D,0.038215370511784724,-0.5740591087641772,0.2809739622390267,-0.5189892551396967,-0.3332796553131935
ABCD4,0.03933242009172636,0.5706554246398666,0.28645875764917694,-0.042564856584353196,-0.11188166388953061
PRR30,0.04039450166137948,0.5674964435742094,0.2882722961254354,-0.042205982183852124,-0.12990520885299017
SPRING1,0.04049917889200248,0.5671890253330862,0.2882722961254354,-0.15226971459264232,-0.28690548585865155
CBFB,0.040701658390767434,-0.5665963355648311,0.2882722961254354,-0.3106303324755923,-0.11037450570464105
GGNBP2,0.04378948635597662,0.5578611553272484,0.3073225769710359,-0.351778894756227,-0.49824309217079815
SAV1,0.04488052745276352,0.5549021733799883,0.3121420467885895,0.15692347031200024,0.05771342357327306
GAREM2,0.04548670676734486,0.5532849725090411,0.31353337164634143,-0.02987083184672424,-0.08691334217999244
SEPHS2,0.046367133336407594,-0.5509689907274292,0.314713977982174,-0.7432871014507372,-0.4193238266792657
SPACDR,0.04647330762949201,0.5506922697930291,0.314713977982174,-0.13685308498781423,-0.2261108864136562
CYP2U1,0.04692419946295597,0.549523163217333,0.3150041911774088,-0.009770692591717861,-0.0683777757495912
CCDC25,0.04919081742447737,0.5437888975106524,0.3273733711353149,-0.06375263272215986,-0.1402554350603136
RNF224,0.05043372398376516,0.5407404619199451,0.3300093316631846,-0.044483735000585375,-0.11136551399057562
CBLL1,0.05044184085007225,0.5407207673095389,0.3300093316631846,-0.33745933483116064,-0.4882658661292392
TMEM270,0.05236833076260782,0.5361216050122907,0.3382112365312869,-0.06505880685340598,-0.15621706368775543
IPPK,0.052571694797609356,0.5356446231787158,0.3382112365312869,-0.3034796401669612,-0.4809233886854068
TP63,0.05546124914198324,0.5290326407937355,0.3425286747008885,-0.010284814472209147,-0.15759023003657643
G6PD,0.05507441759386862,0.52990045782647,0.3425286747008885,-0.09261246111948275,-0.24717743802641842
TGIF1,0.05513226924851243,0.5297703427304091,0.3425286747008885,-0.14944126866864343,-0.30195646298745565
DYDC2,0.05542024678864931,0.5291243797207322,0.3425286747008885,-0.040677771956844674,-0.09792366892402184
DOCK5,0.053919174400063656,0.5325235360904306,0.3425286747008885,-0.14281838597093297,-0.3194098196963663
UNC50,0.05662091650188506,-0.5264616928770727,0.3469154566623434,-0.6328614590262888,-0.4365824226558361
SEMA4B,0.05925821433124217,0.5207781627701519,0.35463055398231746,-0.05332730423223179,-0.13864994188419436
ZNF581,0.05891069686054625,0.5215145971425873,0.35463055398231746,0.006488050591802733,-0.06366796620564082
TEAD1,0.05876117099189178,0.521832600754582,0.35463055398231746,-0.24577377078452844,-0.43393373409855396
C19orf25,0.061123573697789396,-0.5168869105280177,0.3612989627542346,-0.30363585161522055,-0.16964056674130656
EIF2AK4,0.061308502747156386,-0.5165066610188865,0.3612989627542346,-0.22826089248991235,-0.03856014850673343
CDK4,0.062098225647830324,-0.5148937234023295,0.36299151889055353,-0.8219834852245181,-0.6124552844832836
TUBB4B,0.06253610364306168,0.5140068880661995,0.36299151889055353,-0.39264578945376966,-0.6176198908957794
MARCHF5,0.06303263822946488,-0.5130076076738678,0.36314325905333494,-0.5779730650171808,-0.38085512029943036
CRIP1,0.06395419035207406,0.5111705345776543,0.3637981370073348,0.12307260334040106,0.06066672668796251
TBL1XR1,0.0640887909753854,0.5109040946705753,0.3637981370073348,-0.3102365401128321,-0.490185816956282
BCAP31,0.064937257409538,0.5092353938711514,0.3659238154756448,-0.13481391614718433,-0.22224615960010355
HNRNPA0,0.06877695951237876,0.5019067509947152,0.38475226625765513,-0.12750532007260865,-0.2339015255338518
SQLE,0.07180089733495744,0.49637421230384987,0.3876244247733367,-0.19786924221650248,-0.30506431318751487
KSR2,0.07136889967238808,0.49715243764091405,0.3876244247733367,0.0012461405883330146,-0.06230494276737882
CYP3A7,0.07089651548777269,0.49800796458688656,0.3876244247733367,0.09074060485594708,0.032265041684446105
WDR7,0.07045927723905203,0.4988041236351824,0.3876244247733367,-0.6763867370760505,-0.8422028919442007
TMEM123,0.06991752939776848,0.499796370731261,0.3876244247733367,0.07906952906805956,0.017767520248907646
PMM2,0.07390737465596149,0.4926349039619353,0.3962256474611269,-0.2574229916568375,-0.4614602525142361
TRIP4,0.07908035347705458,-0.4838175466962563,0.40700021922857427,-0.21154519219135745,-0.12831700147056424
NKX6-3,0.0789514991576594,0.4840312409544222,0.40700021922857427,0.007521305613128813,-0.05285212148309469
USP38,0.07873505411613556,0.4843908532250765,0.40700021922857427,-0.04956309858748688,-0.130487662525697
GAB1,0.07841285005474125,0.4849277103026685,0.40700021922857427,-0.23504204848517046,-0.3383029792106592
CD27,0.07811755202682467,0.485421356660132,0.40700021922857427,0.1704475613790159,0.09249226659280825
FOSL2,0.07679471056396453,0.48765205905008613,0.40700021922857427,-0.04367980694947005,-0.16833054242659923
UBA5,0.08158732988821146,-0.47971663181695473,0.4089962251538913,-0.8098075386290753,-0.6334769152132298
GYG2,0.08047837471668529,0.48151752060804526,0.4089962251538913,0.17015135309232451,0.10497513029818904
UBIAD1,0.08151315818952244,0.47983644485641685,0.4089962251538913,-0.4119911230994469,-0.6099187223521685
C9orf72,0.08155876494190123,0.47976276338018764,0.4089962251538913,0.04169457048317628,-0.011104942859650732
MBTPS2,0.08414076625951242,0.47564617007576676,0.4157876476507433,-0.5454162593068398,-0.7186366075289232
C1orf43,0.0835990247251919,0.4765010992147007,0.4157876476507433,-0.15322997273482603,-0.224909838287237
BCAR3,0.08497647255237263,0.4743362522858026,0.4157876476507433,-0.15180163213550282,-0.2391146484310132
MBTPS1,0.08509643565908995,0.47414909601703076,0.4157876476507433,-0.5845166638157238,-0.7994788480727014
TGFBR3,0.08853033895195941,0.4688823324631898,0.4298454193139161,-0.006500140136216412,-0.05833099375403089
NDUFB6,0.09238867240666274,-0.4631624316660432,0.44300655340337664,-0.5369701725985437,-0.35981770137792507
PITRM1,0.09217544523470333,0.4634733417354931,0.44300655340337664,-0.2081964842438752,-0.3474156865879227
DUSP4,0.09333669761959439,0.4617872155929447,0.4447896948291782,0.013251133412086877,-0.08142636895006387
LCMT2,0.09434813532164378,-0.46033263288012605,0.4468512912166196,-0.19073212574968226,-0.12596576739669013
PSMD10,0.09688046729288458,0.4567462414159427,0.45328315606125386,0.020282340434934657,-0.07923243290820882
CTSW,0.09666415031249166,0.457049571416586,0.45328315606125386,-0.11465580705963732,-0.1700777220266278
MMACHC,0.09801895149165496,0.4551588999633539,0.45584717199733515,-0.005883622185851703,-0.08383261018970885
SENP2,0.10147140386688265,0.4504359011942822,0.45810481745750525,-0.1545626651300061,-0.22123058984393892
PTEN,0.099859982931744,0.45262370852219275,0.45810481745750525,0.6479664263978743,0.45785032507915385
TXNDC17,0.09947128385132697,-0.45315576009152697,0.45810481745750525,-0.2951548426265754,-0.20318785984794704
SLC7A4,0.1006380115856362,0.4515638123107229,0.45810481745750525,-0.048046280902613994,-0.10108684616303622
FERMT1,0.10137378446245263,0.4505676267306186,0.45810481745750525,-0.020543341079019263,-0.12453552895305289
YIF1B,0.10511318999229059,0.44559410124230886,0.4717871085700485,-0.04213582885866877,-0.10130498973869788
ISG15,0.11041268641256848,0.4387867097782597,0.47354774394723814,-0.032562324954314215,-0.10584780603856729
MMADHC,0.10989770425337372,0.4394364400857712,0.47354774394723814,-0.08836698384253688,-0.14889117347763156
CHCHD7,0.10838167873385968,0.44136358410468474,0.47354774394723814,-0.047470625489158015,-0.10105067693317574
SLC6A19,0.1101973684992813,0.4390580674596215,0.47354774394723814,0.056310607682840165,-0.0020433662567131434
DIO3,0.10761466577072437,0.44234694541217706,0.47354774394723814,-0.0002720042228292791,-0.06413295548862787
RBPMS,0.10916500452823083,-0.44036512315217935,0.47354774394723814,-0.05236916507077548,0.014607902004288945
CTNNB1,0.10635637396327753,-0.44397256428645726,0.47354774394723814,-0.5684378312551776,-0.37613512021347595
HMGB1,0.10802136194242296,0.4418248277064189,0.47354774394723814,-0.40178941965370396,-0.5776331769447653
STAG2,0.11353892063856243,-0.4348943085266569,0.4782457533899611,-0.4418315021250332,-0.26103152670228763
SFTA2,0.1129914621301451,0.4355696207457513,0.4782457533899611,-0.23851970270733885,-0.3059970762888773
H4C16,0.11377818771719223,0.434599989072055,0.4782457533899611,-0.08415797572184736,-0.1564994188705448
CYCS,0.11522605489743776,0.4328295738401441,0.4782457533899611,-0.5706127499292666,-0.7595846940609687
MEGF6,0.11593671279101286,0.43196716053375966,0.4782457533899611,0.1058091107367109,0.0392652959421159
POLQ,0.11621524510704268,0.4316303125097799,0.4782457533899611,-0.2774474174633078,-0.36764372075439744
KCNN3,0.11646399175817707,0.43133003603988906,0.4782457533899611,0.04717226673760139,-0.0021603103272347787
WNT3,0.11546186143011193,0.4325429381939417,0.4782457533899611,0.07109332639816779,0.02716200514176401
GPRC5C,0.11822310857184298,0.42922112524508305,0.48035915693401465,0.09507550539704616,0.048656353841376336
CDAN1,0.1182075509451004,-0.4292396653723377,0.48035915693401465,-0.7618420958800189,-0.5236635864873028
TIFA,0.11948333680859548,0.4277257801932963,0.48293788490175765,0.14669007032077014,0.09798580157551028
SCRT1,0.12135308351536463,0.4255303863365469,0.4864916318969157,-0.11161708565006973,-0.18650591425342164
IRAG2,0.12162290797422892,0.4252158138078683,0.4864916318969157,0.03159538081991497,-0.042398906157207206
ANGPTL5,0.12294481205922997,0.42368272285420655,0.4866004326191505,-0.016740845757979555,-0.05896857487080124
TPM3,0.12354104247843717,0.42299555919957105,0.4866004326191505,-0.004836191969160485,-0.08708255794656583
VAC14,0.12228321942056823,0.42444835017853927,0.4866004326191505,-0.16260689139754445,-0.28665619500364936
ACSL3,0.12452002621537961,0.4218730060132615,0.4879668032399647,-0.27501915957175754,-0.4177041097232678
TOPORS,0.1263634477584725,-0.4197782705330007,0.4902139782388983,0.005054957629850614,0.055517298771577475
FSTL3,0.12573337530971532,0.4204914762423157,0.4902139782388983,0.08050613375590336,0.023843915747700055
TMPRSS9,0.1278019618607173,0.41816053941310644,0.4933155727823688,-0.0738288915071156,-0.13185013281388827
PANK4,0.13367693583618892,0.41170058699872086,0.5009640508035818,0.0629879566594758,0.019720692209554462
TRUB1,0.13098746530263156,-0.41462921086799076,0.5009640508035818,-0.025631845441151706,0.02333451317042979
MECOM,0.13199663647189,0.41352474837569647,0.5009640508035818,0.04283940764307691,-0.03529495724322486
HSBP1,0.13349136611866036,0.4119011470517823,0.5009640508035818,-0.23397610388700182,-0.29648619577874424
LIPT1,0.1336235475705575,0.41175826531409,0.5009640508035818,-0.08101766049526925,-0.17735463468784923
MAMSTR,0.1313767387502414,-0.4142023810181707,0.5009640508035818,-0.006753812773629332,0.050721959640703425
RHPN2,0.13490303583957763,0.41038096625690274,0.5031166360780384,0.00470865269415002,-0.05257667950546523
ICAM3,0.13700889234290944,0.40813650948802205,0.5050684505292221,0.02876414731853848,-0.03167047904547626
GP6,0.13738908628385577,0.4077342079304068,0.5050684505292221,0.006765998877694846,-0.04314719695622987
RNF121,0.13737449916153072,0.40774962700717343,0.5050684505292221,-0.07753671718570657,-0.1259283373023355
TEX264,0.13944815233383914,0.4055705794675755,0.5078682527462942,0.005366080382796125,-0.04802796528694529
PPARG,0.14071377919479117,0.4042531758213701,0.5078682527462942,0.020901780017693453,-0.06923557701975216
KCNE2,0.14078213223796238,0.4041822930152364,0.5078682527462942,0.1317214246769242,0.07717173636006934
YLPM1,0.14023289955468438,-0.40475262229310816,0.5078682527462942,-0.31709420957906365,-0.2590350171281574
SDF4,0.14314432130440274,0.40174918537873155,0.5131014551303872,0.0700752328637425,0.02151269846974635
ARRDC4,0.14356206516601508,0.4013221962189677,0.5131014551303872,0.09373335247184067,0.04404031337690709
ARID2,0.1451463510963177,0.39971167741773533,0.5163731937620151,-0.13336924793309435,-0.27166021492303244
NRAS,0.1474661791101579,-0.3973781760291174,0.5177240377505284,-0.2953345581872119,-0.17029790363191852
DYNLT2B,0.1472483743669296,0.3975960340139853,0.5177240377505284,0.021216653439844975,-0.032671866906258805
USP22,0.14753793821906253,0.39730645464880415,0.5177240377505284,0.2802203335099615,0.20464291390302247
MRPL33,0.1484272120844026,-0.39641991001766264,0.5184878177789991,-0.4732636605045246,-0.28759638243124386
CFLAR,0.1491868242716204,0.3956659193576085,0.5187938213409501,-0.9384545674884743,-1.1974408745570813
AGPAT2,0.15192377452572406,0.3929738974338406,0.5235944372047276,-0.0658190744825248,-0.13089717576220272
KLHL21,0.1514080560410776,0.3934782339013769,0.5235944372047276,0.03403268234384215,-0.02981154230310602
SGO2,0.1579151562468535,-0.38721045475198,0.540646712797793,-0.31233270353769577,-0.23812845641161404
NOG,0.1596728633651513,-0.38555194037921076,0.540646712797793,-0.03536378964033996,0.003055094171935959
WDR1,0.15949062669512046,0.38572323230744127,0.540646712797793,-0.5801567054994891,-0.7491603773762723
MARK2,0.15893061154493376,0.3862505666256432,0.540646712797793,-0.4380972008313965,-0.5567432061940318
SCNN1A,0.16082026440573935,0.38447691931518185,0.542153904459523,0.0009877552822424578,-0.051445887219057566
CLIC3,0.16210463263787903,0.38328060070786746,0.5441077234627939,0.004700473993904166,-0.03396916755221594
ZDHHC14,0.16445056752699377,0.3811143011744838,0.5490736080783085,0.06347414877935482,0.030948028171758308
TNS3,0.16640863832705974,0.3793243779578106,0.5490736080783085,-0.21209248391859795,-0.30514572699908493
TLN1,0.16666540541217983,0.3790908679300281,0.5490736080783085,-0.3291037190982521,-0.45949882666421743
PRPS1,0.1667975796138378,0.37897077376460997,0.5490736080783085,0.07552077915839221,0.0036953735492437447
TAF5L,0.167550788497298,0.37828780126698985,0.5490736080783085,-0.19626381015806588,-0.35447078395918463
MYL12B,0.16785151749544144,0.37801577606851006,0.5490736080783085,0.024934281954012354,-0.03691915430751098
MAP2K1,0.1707994533650973,0.37536888376375427,0.5563594008348317,-0.10328732133535838,-0.18806503044419326
PLPP5,0.1716880384704732,0.3745779349791005,0.5569040575596862,0.10593101813490045,0.0507430738966802
ARRDC3,0.17522250146464685,0.37146259019269295,0.5640017757034247,0.20211452392457993,0.1196828008377349
LMNTD1,0.1753373395969196,0.37136218042930286,0.5640017757034247,-0.0250716961500184,-0.10041201494634684
DLGAP1,0.17957863819850647,0.3676884957670103,0.5658559538336612,0.1334080098566495,0.09449164587718908
KCTD19,0.1788704010344851,0.368297306850012,0.5658559538336612,0.011959442454155974,-0.028042573608154504
WDR24,0.17753427292732676,0.36945089009831533,0.5658559538336612,-0.2720553769581592,-0.4117698169039512
SLC20A1,0.17692081512212982,0.36998275842637457,0.5658559538336612,-0.25557199170730793,-0.31616131560440075
KCNS1,0.17867470970127122,0.36846585026863876,0.5658559538336612,0.031437216652720854,-0.01952919176148073
SEC24C,0.18094815441334922,0.3665164137526044,0.5675448513023357,-0.15454144728616734,-0.20356305132735134
KHSRP,0.18350108628388642,0.3643494347557894,0.5675448513023357,-0.24773449507234538,-0.358269687267054
MAST4,0.18383669686257847,0.3640662702601769,0.5675448513023357,-0.045882525312586936,-0.09372659572024941
TMEM201,0.18439055011335173,0.36359982577428335,0.5675448513023357,-0.1374251039993128,-0.20673899722788477
XPR1,0.1845146441278486,0.36349546216560047,0.5675448513023357,-0.21785793673320747,-0.3170931029160303
NUSAP1,0.18457952730678134,0.3634409163478208,0.5675448513023357,-0.11547299626077087,-0.17118323957698353
SH3BGRL3,0.18526075457019248,0.36286910098304986,0.5675448513023357,-0.07077860993652411,-0.1308549051696017
PWWP3A,0.18708665515372266,0.3613442868592406,0.5708731137496992,0.08075742030136454,0.03594506204011608
FLOT2,0.18881731309558572,0.3599093843859133,0.5716351596462438,-0.12847421523627206,-0.19702334882420397
BICC1,0.188689326769143,-0.36001515719329724,0.5716351596462438,-0.15401334815762593,-0.08237491180196181
VCPIP1,0.19286179733997433,0.35659443615459074,0.58159885760336,-0.40632776883938504,-0.5161347914622078
GPR15LG,0.1943321644742669,0.3554022900999432,0.5837526497048017,0.10933541041989467,0.0647972463934219
MCTS1,0.19534748642378516,-0.35458304490606457,0.5845281376711711,-0.17547363839494884,-0.09922723100780496
EVC,0.19893799743504784,0.35171135470201165,0.592973490424158,0.01537255434319342,-0.030183796484937808
LRRC20,0.2023721745006225,0.3490008428162253,0.5938831493247535,-0.029494567341436278,-0.06231826937907906
SIX3,0.20280192493786353,0.34866408014832484,0.5938831493247535,0.05291809614929648,0.017650269522885453
BLTP1,0.20284991130692168,0.3486265100040419,0.5938831493247535,-0.031872459074552315,-0.07650888829691432
MRPS11,0.20308957438048564,-0.34843896907351846,0.5938831493247535,-0.6275061025146786,-0.4850310974176649
PIGT,0.20068215209587933,-0.3503303954284072,0.5938831493247535,0.004777324921262622,0.05536966790060939
SPSB1,0.21542979564186426,-0.33899769885853726,0.5939707222697115,-0.06482688680685562,-0.007840386652527445
ASF1A,0.21351102982849604,-0.34043888806894956,0.5939707222697115,-0.20578975832573576,-0.11707266282695525
OVCA2,0.21055379316816963,-0.34267897624576527,0.5939707222697115,-0.010964375585167973,0.054836478432439134
MPND,0.2154011089699997,0.3390191754393623,0.5939707222697115,0.04528794907604599,-0.014784295292450378
COPRS,0.21479364528483377,0.33947445684644295,0.5939707222697115,-0.18849063313615366,-0.23844610506382202
ERBB2,0.2139231031947498,0.34012857326611606,0.5939707222697115,-0.34730799165367077,-0.4836255128071521
EAF1,0.2115596132278349,0.3419144708599513,0.5939707222697115,-0.4055259933310695,-0.5330647107330961
SHMT2,0.21125015825250196,0.3421493941631884,0.5939707222697115,-0.05862778487495768,-0.11312975704783221
MORC2,0.2097705913386233,0.34327615304310144,0.5939707222697115,-0.13743684522929447,-0.1947778771339366
PRUNE1,0.20935749654381686,0.34359179746794816,0.5939707222697115,-0.321486998482183,-0.3825594385075319
HMCES,0.2077363016511122,0.3448350396173343,0.5939707222697115,-0.1299161438580192,-0.17981646716468022
LRRC32,0.20772351631899635,0.3448448729127228,0.5939707222697115,0.02266563248575799,-0.02271704422826005
NCAPH2,0.20626035278619606,0.34597319166675883,0.5939707222697115,-0.6649846442881138,-0.7977055382552692
OSTM1,0.20507475824571358,0.34689184515128546,0.5939707222697115,0.08116376298683063,0.041558778211423016
KIDINS220,0.20407540310036876,0.34766927354522265,0.5939707222697115,0.028038865462923345,-0.04038753063098578
IRAG1,0.21293946582977913,0.34087004339668414,0.5939707222697115,0.049755056524667954,0.01757688765505646
FDFT1,0.21810620962457963,0.33700319851864335,0.5992099424561405,-0.13757276089250878,-0.22622202651539366
BRAP,0.2208622584435103,-0.3349681259449451,0.60463001247656,-0.3759909311936304,-0.2972827809915593
ZFP36L1,0.2229377395263826,0.3334478852961797,0.6081552470472344,-0.24700728022406504,-0.3780175895347349
YAF2,0.22413673352641159,0.33257438228284575,0.6092730925436259,-0.06531435517885271,-0.09999118833894546
EHF,0.2303709564918553,0.32808691464116846,0.624022380391973,-0.05042852803465729,-0.09287013006068325
PPP1R16A,0.23279375289752507,0.3263668800086269,0.6269602510723178,0.06505466502752061,0.022450622703994828
IRF6,0.23307978245823213,0.3261646785943362,0.6269602510723178,-0.03220361555541941,-0.08986253174373854
ELF3,0.23531656356545141,0.3245896332952268,0.6303001281508075,0.042231471047262326,-0.028680871155977714
TAX1BP3,0.23595432258495252,0.3241425446026273,0.6303001281508075,-0.030170118330302594,-0.07963330235826686
NDUFA8,0.23703774548049628,-0.32338503801969765,0.6310108258998038,-0.6130188382156267,-0.4897415648196487
KCNH1,0.23935286893488114,0.3217747244979204,0.6339406095809362,0.13834179993392726,0.10232907674097759
MRM3,0.24138980969293516,-0.32036719968245375,0.6339406095809362,-0.2657138756499552,-0.19418139953506705
SCN5A,0.24101051857607478,0.3206286373965133,0.6339406095809362,-0.04473266548805539,-0.08229069963599106
MDM2,0.24142297826009748,0.3203443513712953,0.6339406095809362,-0.3445041766053358,-0.478190428042856
MYRF,0.24325108847066876,-0.3190885389224796,0.6365757298283263,-0.27708649558308607,-0.18878086417283596
HERC4,0.2493007838581281,0.3149805866563189,0.6502033957380909,-0.013370631900514735,-0.05841946496404892
DNAI7,0.2521359540656248,0.31308000366339017,0.6542043717659871,-0.05183908677687888,-0.1630533752488011
MYH3,0.2525296668215857,0.3128172861973427,0.6542043717659871,-0.05184455222150898,-0.09820455229663344
ETV5,0.2534495510621686,0.3122046033240539,0.6543914830100139,0.10159093389219039,0.04697855988151533
CCND1,0.2561456816046056,-0.31041796246134545,0.6591482206625184,-1.6258906670839157,-1.4332849865933845
RAB5C,0.25715257323962676,0.3097541663094262,0.6595408190730626,-0.12891472721766747,-0.18967994108323763
MIDN,0.2597772350172046,-0.30803250314575803,0.6596974520831643,-0.08578589485531757,-0.034358800494959714
LSS,0.2596668924490306,0.308104633409268,0.6596974520831643,-0.08836397681549397,-0.13354197038764085
CNN1,0.2591112349510699,0.3084681946656656,0.6596974520831643,0.03945197299535889,-0.002676840976938273
NIBAN2,0.2625156466972401,0.306249345829924,0.6635588770966611,-0.07612628203811418,-0.13113192394808987
H4C2,0.2630168606108527,0.30592440255602726,0.6635588770966611,-0.11894986598142963,-0.15566873496206718
PDE4D,0.26545736399197545,0.3043484261822183,0.6675344788332411,-0.0300863198228413,-0.061484157069272544
B3GNT2,0.26846801932688164,0.3024183103893894,0.6729133471440021,-0.1295138173676014,-0.1936910626540839
TMEM41A,0.2718900803409285,0.30024287592896004,0.6792852492660091,-0.014204714246965889,-0.07135279870037989
PTGS2,0.27652886012897565,0.29732444850612183,0.6840650680221328,0.018935085147591502,-0.005669280816269187
NOTCH2,0.278542548072744,0.29606822586558434,0.6840650680221328,-0.10062983944481342,-0.14772505413177564
THAP7,0.2794588772282813,0.2954986806238768,0.6840650680221328,-0.19589533788314548,-0.24795592431017255
CSMD3,0.280090149400522,0.2951070702993148,0.6840650680221328,-0.14306475922819845,-0.17456480184413634
SLC5A8,0.2809595113326161,0.2945687665795934,0.6840650680221328,-0.013519212626234381,-0.04623043937982555
SNRPB2,0.2829018936064008,0.2933702322481151,0.6840650680221328,-0.6437244876753537,-0.7817773064980809
NPC1,0.2839734900427418,0.2927114587891926,0.6840650680221328,-0.10788203784873286,-0.16479068807328645
TNPO2,0.28537538487682534,0.2918522331935322,0.6840650680221328,-0.07480411426549588,-0.13326872261833092
CCDC183,0.28727239938165366,0.29069419588186957,0.6840650680221328,-0.018238794069637868,-0.048718262222204274
SSC4D,0.28835410845554155,0.29003623344024143,0.6840650680221328,-0.09235267277083409,-0.13615412320178755
ALG10,0.29038614258432327,0.2888048249061372,0.6840650680221328,-0.17510670118334581,-0.24776700127629836
PIGU,0.28469870131585845,-0.292266607915859,0.6840650680221328,-0.2628336385626078,-0.22218282625105884
AMER3,0.29262797660519246,0.28745316071648724,0.6840650680221328,-0.06551409608516086,-0.10266855119281977
C11orf42,0.2834347807397617,-0.29304241877876747,0.6840650680221328,0.03510079384064133,0.06415574571199463
RAD51B,0.28094073544889153,-0.2945803802241174,0.6840650680221328,-0.36612716570726783,-0.29867670949933556
RTN4R,0.28732338131001417,-0.29066314704243273,0.6840650680221328,-0.15166390054938536,-0.11126241171569073
TRIM34,0.29168176701281734,-0.28802278279267474,0.6840650680221328,0.16401561703643525,0.19119656151635886
TAMM41,0.2929885349222242,-0.2872364370905248,0.6840650680221328,-0.7992642689461262,-0.6682128489612064
ZBTB7A,0.29414513358441136,-0.2865424681684187,0.6840650680221328,-0.30228583585361507,-0.22956805446482717
ZBTB18,0.29232599181171803,0.28763481870611574,0.6840650680221328,-0.05811460444253689,-0.0924933197336629
TVP23A,0.293035225695502,0.28720838573692525,0.6840650680221328,0.014297090524188523,-0.018475474644958245
PARD3,0.2848173635631057,-0.2921938943844905,0.6840650680221328,-0.30523408845227873,-0.20874692206056908
MAP2K5,0.29484954462336427,0.286120735131735,0.6840650680221328,-0.08062227256031111,-0.11968549720592382
JUP,0.29506951768312206,0.28598917855731365,0.6840650680221328,-0.15403081513114122,-0.19445364029522216
ZBTB4,0.2979548176394316,-0.2842698055918238,0.6886859856815605,-0.027753818680572997,0.011537649363334014
NEDD4L,0.29979708293659124,0.28317794921459,0.6908756657523835,-0.02560391819756132,-0.09345855391175534
C1orf116,0.3012029554685706,0.2823478150339159,0.6920496476837397,0.060588866760819746,0.02694432180287106
OSBPL11,0.3068543052093553,-0.27903725535165086,0.6971809205930564,-0.04844696375573947,-0.01764714408828379
ALG5,0.3070485919710352,-0.2789241830277585,0.6971809205930564,-0.43917172879027866,-0.38196907969285787
ATP5ME,0.30563857466525907,-0.27974590190722376,0.6971809205930564,-0.47581533060718584,-0.36867355222924836
COQ7,0.30669776885192,-0.2791283928383387,0.6971809205930564,-0.22462618593207484,-0.1703534479433491
TPK1,0.3118051639402811,0.2761709359752712,0.7038408963798158,-0.06247406420559546,-0.1277736687021363
ISLR,0.31139916810320584,-0.2764048232512982,0.7038408963798158,0.22546912048709136,0.2517380309804069
ANKS3,0.33125266301778167,-0.26519939710031437,0.707421360894202,0.024490878793900654,0.0751860285373291
RHNO1,0.31613860988267595,-0.27368723314998694,0.707421360894202,-0.05675095709360816,-0.016527482951777823
CORO1C,0.3318788151982076,-0.2648533811663783,0.707421360894202,-0.24390576136374842,-0.20165783111834043
RFX2,0.3236805355024307,-0.2694186719826353,0.707421360894202,-0.14540242826172958,-0.11301392090940006
TP53BP2,0.3284728556571562,-0.2667408035322289,0.707421360894202,-0.29809760492105053,-0.22519054962876203
TRIM2,0.32848662143439433,-0.26673314906918416,0.707421360894202,0.012259125651317374,0.04656397363763937
CCDC51,0.32869191275005116,-0.2666190221085672,0.707421360894202,-0.2988365664355682,-0.2354800479599276
SLC25A20,0.32930102369037073,-0.2662806797354645,0.707421360894202,-0.1827187249929285,-0.14029053732000818
OSER1,0.3315041406266881,-0.2650603767834614,0.707421360894202,-0.07279150506457695,-0.02599555120673955
CLPB,0.3231630099160321,-0.26970943638088685,0.707421360894202,-0.26405036550191496,-0.1954327516666508
C1orf141,0.32437019032837977,0.2690316818349225,0.707421360894202,-0.0026747084475862147,-0.02574567370584802
PLA2G4F,0.3335510043594424,0.26393143404856984,0.707421360894202,-0.133077757594879,-0.16069975556733976
DIRAS3,0.31770080706145526,0.2727974938735978,0.707421360894202,-0.043803316765570297,-0.08087768738061553
ZNF319,0.3214784650162333,0.2706580371721056,0.707421360894202,-0.08454464695104232,-0.11719186163445758
RBBP7,0.3226849416329144,0.2699783091212813,0.707421360894202,-0.13692032019661687,-0.20132711308312073
ALDH18A1,0.32771865379131127,0.26716050430514837,0.707421360894202,-0.1076953013332532,-0.1621180198954475
CCR8,0.3311198529013486,0.26527284463555756,0.707421360894202,0.20186563400145957,0.18053513962747625
CTSK,0.33153460626518005,0.26504353970688443,0.707421360894202,-0.19131096113000995,-0.22387345543022155
ARHGEF7,0.33310456175654624,0.26417727617609954,0.707421360894202,-0.5721171579686326,-0.668983768643738
RAD51D,0.3332166604239709,0.26411552640525865,0.707421360894202,-0.4748173356159872,-0.5706254825161157
SBSN,0.32061275824934177,0.27114682949934177,0.707421360894202,0.02342222244092147,-0.012591743794358956
MTX2,0.3200196596721675,0.27148221378307885,0.707421360894202,-0.07855686646424417,-0.14155158630021858
DPPA5,0.341392460526326,0.25964836864225843,0.7157096778161643,-0.02239711728069347,-0.07273150376718905
DVL1,0.3498183822435573,0.25511746698736715,0.7157096778161643,-0.17790843554779573,-0.22465634190263026
CFAP410,0.3500378315511028,0.25500041872316037,0.7157096778161643,-0.06637905222936295,-0.1221935668794312
CXCL1,0.3502547114098781,0.2548847878563542,0.7157096778161643,-0.14546827569842102,-0.1816391004659944
ANXA7,0.350337389345559,0.2548407198612893,0.7157096778161643,-0.11815469618226493,-0.14714309452515556
TDG,0.35088588492688,0.2545485385844075,0.7157096778161643,-0.13258987080002044,-0.1648047598170088
HDAC1,0.3512876776062198,0.2543346937838035,0.7157096778161643,0.07276020231635758,0.016378706362202212
FOXA1,0.3522923284587337,0.25380068658488786,0.7157096778161643,-0.06351447218264639,-0.12442711442151734
NTRK1,0.3521381970871128,0.25388254851004055,0.7157096778161643,0.019948418308469544,-0.0073264683837589864
MYL11,0.3456716263768257,0.25733829061243335,0.7157096778161643,-0.02720678254371395,-0.060374078154310326
CIP2A,0.34293403886275964,-0.25881398270091693,0.7157096778161643,-0.35012722092619547,-0.2928106937330985
MRPL15,0.34519370852531883,-0.2575953588381575,0.7157096778161643,-0.4834742676645166,-0.38736057928712486
AGTR1,0.349401075793925,-0.25534017882128246,0.7157096778161643,-0.13167374956167277,-0.09932850702355644
PDCD6IP,0.35126576805975107,-0.25434635052903,0.7157096778161643,-0.37641609698266604,-0.2994110073346177
RAB15,0.3521216265524134,-0.25389135080250436,0.7157096778161643,-0.07520402774359314,-0.03954765450716868
TLR2,0.33919838665564506,-0.2608401996111449,0.7157096778161643,0.053856472120703505,0.08084624129433762
DPF1,0.35443210223533217,0.25266660808088975,0.7162868662975823,-0.09117391619554918,-0.12416947201528607
ETS1,0.35385030761129976,0.25297451822102746,0.7162868662975823,0.06341015175435324,0.010488054343902261
KCNK5,0.3600155680219417,0.24972809309306088,0.7242333248211913,0.07121218141296282,0.03744211381341416
NPEPPS,0.3602404102737532,0.2496103792429897,0.7242333248211913,-0.4250717543138672,-0.5021273830569775
CCN4,0.36322587990055577,0.2480518291688461,0.7283386474889066,0.09116658201266066,0.0674262033377109
FAR1,0.3651039716454133,-0.2470755926513329,0.7302079432908266,0.006102584373362872,0.04894634560594428
FCHO2,0.3689900356869489,0.24506577103819574,0.7360731461248696,-0.15354587213037682,-0.22377988558262338
HEATR9,0.3746876770466758,0.2421432855522112,0.7397925490537947,-0.16161263716711124,-0.19443052755375526
SNAI2,0.3745958555218146,0.24219015872254684,0.7397925490537947,-0.08108904683483677,-0.14419683712554193
MAPRE3,0.37404319979473843,-0.2424724332227487,0.7397925490537947,-0.06661787667777411,-0.03975548492683164
NDUFS7,0.37353622540610176,-0.24273160841600977,0.7397925490537947,-0.34452876026739,-0.28775473088801645
ESRP2,0.38090348626691517,0.2389869850542071,0.7444493453115405,-0.10087165355024871,-0.147715618566028
MYH7,0.3803532588507452,0.23926506444361137,0.7444493453115405,-0.02723740881455816,-0.060030324280397396
TP53,0.3804983977251861,-0.23919168811387345,0.7444493453115405,0.2624949016444372,0.4366394203646505
PSEN1,0.3791069201690149,0.23989589087987429,0.7444493453115405,-0.08071198416694528,-0.11427672466529724
PRKCZ,0.38250114586981987,0.2381809750106073,0.7456840520492447,-0.10423347025344516,-0.1437794233180134
HLTF,0.3919916600852006,0.23343605352617833,0.7481991746793989,0.11014378271422302,0.07792491781270262
BRK1,0.3937164649184205,0.23258143758877745,0.7481991746793989,-0.3042226103274167,-0.37441048410622246
SHC1,0.3945161135412498,0.2321860125430694,0.7481991746793989,-0.25578378999677914,-0.300559755388938
SREBF2,0.3947630024394849,0.23206402689426134,0.7481991746793989,-0.11980021195975933,-0.17096208066557095
MAP2K7,0.39515336406682966,0.23187124917886065,0.7481991746793989,-0.11933285376427698,-0.17107662699651344
CXCL12,0.3976624506212917,0.23063496046334636,0.7481991746793989,0.002581485814134479,-0.02936030972549019
ZNF69,0.3895443389845825,0.23465269314754308,0.7481991746793989,-0.08854118989891711,-0.11804007443194142
SMARCA2,0.3925764029220581,-0.23314606033025562,0.7481991746793989,-0.14316485507896257,-0.07654695641391694
ARL4C,0.38659625530125896,0.23612463012805135,0.7481991746793989,-0.05390432942382116,-0.08879242712703148
C6orf136,0.3990917191141298,0.2299328814530753,0.7481991746793989,-0.11678627533491377,-0.15471802681484847
PDCD10,0.4004941756026399,-0.2292454805755298,0.7481991746793989,0.1524448006153591,0.24181482325587117
PIGM,0.39975797035588745,-0.22960613912773337,0.7481991746793989,-0.18863049514717958,-0.1541369351451657
SUCO,0.3991568283722867,-0.22990093579093365,0.7481991746793989,-0.26581377973264314,-0.2082823122392075
NFE2L2,0.39871728118451166,-0.2301166608106991,0.7481991746793989,-0.3995399966757995,-0.3147200699789798
MTRFR,0.3960060904517593,-0.2314505458229129,0.7481991746793989,-0.1709536339003006,-0.12984970513008756
UGP2,0.38775435775439293,0.23554557165406315,0.7481991746793989,-0.3761304918419251,-0.43306127795619165
SLC39A6,0.399302117153288,0.22982966188513593,0.7481991746793989,-0.06466928125260973,-0.11759729758186442
SLC39A10,0.4012363449705585,0.228882313767631,0.7481991746793989,-0.4641740426927029,-0.5256547131249965
ZEB1,0.40389559383903917,-0.22758444439063702,0.7513431287800921,-0.25527450843744337,-0.18734842989703324
PHIP,0.41114976321511076,-0.22407041006444803,0.7629990798126575,-0.2108462884038776,-0.17223950598302387
TIMM17A,0.4208579425816479,0.21942615421006256,0.76555070926441,-0.1623392929871695,-0.21756611505534218
DNAJC19,0.41881498325775435,-0.22039804857162093,0.76555070926441,-0.2761218812982937,-0.22813343224758484
CAB39,0.41375876935974176,-0.22281582319470547,0.76555070926441,-0.20519959766682166,-0.11458643148091269
USP20,0.423458193114415,-0.2181932406369949,0.76555070926441,-0.034980002169929705,-0.013757433573567944
LRTM2,0.42483459526526135,0.2175424573887282,0.76555070926441,0.09874839502029557,0.07594117425881726
C11orf52,0.42739942447274704,0.21633313063324988,0.76555070926441,0.11053050293424956,0.08429205315582927
DAZAP2,0.42324739955240887,-0.2182930189932077,0.76555070926441,-0.0871522784453395,-0.056680846252501325
GBA1,0.42578023176573065,0.21709607881720358,0.76555070926441,0.026298600366458754,0.00017157070581135184
DCP2,0.4166792159033116,0.2214171596008953,0.76555070926441,-0.29530232208150453,-0.3335538243292603
ABI1,0.4267801974691863,0.21662469998186112,0.76555070926441,-0.2099416450702119,-0.25620221826852035
MYG1,0.4178544438827416,0.22085599361532093,0.76555070926441,-0.3087109950360823,-0.33948651272263775
SMCHD1,0.4223530061701246,-0.21871670921089792,0.76555070926441,-0.16122212561267832,-0.10858877280924285
CAMTA1,0.4189068206180929,0.22035429759128847,0.76555070926441,-0.09440902283156084,-0.12383000032294803
ZNF205,0.42050839887476477,0.2195922401759978,0.76555070926441,-0.14523216338640457,-0.17747199669736266
SHISA7,0.42056059067470464,0.2195674359205201,0.76555070926441,-0.025232861540580447,-0.048659666153902326
SPOCK3,0.4334538326849221,0.2134955297344697,0.7745980528536108,0.08011288859436337,0.055119692243532775
LDAF1,0.43764327253592306,-0.21154576108115267,0.7802785367153178,0.02981142998914758,0.05228754664628932
OTUD6A,0.44927265403957706,0.2061903442721414,0.7863217628182595,0.07733460842120332,0.056279178369264694
TMPRSS11D,0.44881108560877647,-0.20640134430280008,0.7863217628182595,-0.04074435354204146,-0.01628678607246778
MSANTD4,0.4449379214321755,0.20817691897888574,0.7863217628182595,0.04060484394032054,0.022359352593232632
VSIR,0.445451968644035,0.207940746119713,0.7863217628182595,0.05409809341597714,0.030099024304581654
CLPP,0.4471314046853093,0.20717025772845718,0.7863217628182595,-0.035907959673460776,-0.07567214462070318
TNS4,0.4487678949337437,0.20642109482371732,0.7863217628182595,0.002345567860137076,-0.019422449659498957
TIMM10B,0.44753285000636955,0.2069863337496154,0.7863217628182595,-0.016755303881018487,-0.04449787467411444
ICE2,0.4474878772250336,0.20700693344317156,0.7863217628182595,-0.4530842773082334,-0.5328195296976795
NKD2,0.45019976575864085,0.20576690797475436,0.7863217628182595,-0.04177930958886828,-0.0682263263031914
UXS1,0.452789471016796,0.20458679848546132,0.7872825937499245,-0.535492079172076,-0.6556245325491111
GANAB,0.45278350713440185,-0.20458951167834274,0.7872825937499245,-0.29982283201253485,-0.24621838419306577
AP3M2,0.4551387968578432,0.20351960723338894,0.7895891037623706,-0.14181528110120545,-0.17148786010634318
COG5,0.45815600011605406,-0.2021536864126003,0.7930413275551428,-0.3132146373181167,-0.2481989536472662
FIG4,0.4615435519477663,0.20062625918237054,0.7942699274257926,-0.200200556424937,-0.2412763606595194
PAXIP1,0.465038869425464,-0.19905696044095073,0.7942699274257926,-0.24503692831677767,-0.17082739099051636
SEC11C,0.4644125573078962,-0.19933765988362695,0.7942699274257926,-0.019860600644564557,-0.0006551673989900785
SCLY,0.4637005461428344,-0.1996570304448363,0.7942699274257926,-0.08830011915339947,-0.058829477830579076
CMTM5,0.4648211190222308,0.1991545269456455,0.7942699274257926,-0.12362960898040128,-0.14665128810978809
KEAP1,0.46234532685997975,0.20026568566821154,0.7942699274257926,0.05721387621393735,-0.04097432163904573
CRKL,0.46866711423610463,0.19743508270144872,0.7986998061595426,-1.0671400271533162,-1.2001518489799083
TCF7L2,0.4735321364982312,-0.19527149201653632,0.8016815995101634,-0.04074154512517249,0.024190044480877453
MYH11,0.47347251313007477,0.19529793166677192,0.8016815995101634,0.041258651964852774,0.002105287086829549
RIPOR3,0.47216446729793016,0.19587845098607906,0.8016815995101634,-0.0664732055438075,-0.09371248391275215
CLPX,0.47520760485324853,0.19452928106456777,0.802757704478573,-0.205085228669947,-0.24362616577378937
ATF4,0.4791032974255097,-0.1928092100354409,0.8051941531414234,-0.6029178337013481,-0.5216920217398423
ASH1L,0.4817443419835722,-0.19164756001604155,0.8051941531414234,-0.21608033267481988,-0.17890995240829421
PRKCI,0.47932368556702887,-0.1927121366487878,0.8051941531414234,-0.2875159679740959,-0.2278871719754839
CXCL2,0.48186489475561867,0.19159462052103296,0.8051941531414234,-0.16984121327999147,-0.19615130458618452
MAP2K3,0.47978294494095763,0.1925099289802092,0.8051941531414234,-0.006527602646937037,-0.036256759690591604
BARHL2,0.48374357102879706,0.1907705719060102,0.8065875525577351,-0.1718194670866286,-0.20188213580384223
DIAPH3,0.4858440452057796,0.18985134199706288,0.8083439717647884,-0.27428140815100077,-0.312424207494094
SLC23A3,0.48716401577399626,0.18927481242417185,0.8087970326398389,0.09103460206789175,0.06341135735946414
BMERB1,0.4953803942593231,-0.1857053555821842,0.8102408143394014,0.0025991207916170023,0.02447231573129364
FNDC3B,0.4917359858571254,-0.1872845459488895,0.8102408143394014,-0.10774300722300913,-0.07048427721128811
ATP5MC1,0.4891216106556793,-0.18842137584901555,0.8102408143394014,-0.25258079383220206,-0.2280333276305033
TYMS,0.49359726938623216,0.1864772166927386,0.8102408143394014,-0.7418825076191264,-0.8782249821287929
FBXL6,0.4908979765228072,0.18764858050561628,0.8102408143394014,-0.1390446005329467,-0.16921816142227541
CHAC1,0.4929426730243286,0.186760955832941,0.8102408143394014,0.08746292072892692,0.05827442961090389
BMAL2,0.49520230546477007,0.18578237629906436,0.8102408143394014,-0.08307351666218109,-0.11510516393338069
FADD,0.49913259826334255,0.1840860921552906,0.8129332613065411,-0.4259570373885955,-0.47722842382153574
PRMT3,0.4987440092466542,0.18425347843496473,0.8129332613065411,0.12061235406739769,0.09576881954263937
COPS7A,0.5035472205399909,-0.18218943255214493,0.8183967458039432,-0.036560314857014664,0.00031057992923577124
ATM,0.5072932973437922,-0.18058705665061273,0.8227529948516967,-0.1698061472676676,-0.1182554783166242
CRB3,0.5122397466306248,-0.17848095640448197,0.8251225655998025,0.011687047494068641,0.0552860245633791
HDDC2,0.5127423685250834,-0.17826756146960288,0.8251225655998025,-0.007377805717697164,0.005632239067615156
CAMK4,0.5134135860101753,-0.1779827613275951,0.8251225655998025,-0.040810511110560756,-0.020034906441597326
MRPS26,0.5141383181492145,-0.1776754779384277,0.8251225655998025,-0.47862506073967925,-0.4344252454712098
ERLIN2,0.5151671976931409,-0.1772396340036241,0.8251225655998025,-0.04864069534626371,-0.019125242314708343
MAN1A2,0.5147510648739175,0.17741585618723305,0.8251225655998025,-0.031597315204699404,-0.05889574194550592
UBE2Z,0.5167518129167025,-0.1765692807763723,0.8259469970428454,-0.37257007791514213,-0.3307862981821024
CENPP,0.5181765582626392,0.17596749112610735,0.8265130226833832,-0.4568425994163177,-0.5081082443303039
ADIPOQ,0.5227300265977892,0.17405003369866953,0.8320568670793675,0.11177911940653082,0.09219561458494596
RAD9A,0.5255280536397613,-0.17287615699129472,0.8347894185388801,-0.7216923843558126,-0.6134047233804837
MRPS34,0.5274644638411969,-0.17206568094089736,0.8361448995593512,-0.5165686811636542,-0.4526626155385395
RAD54L,0.5298014286566985,-0.17108962477532297,0.8364743781426671,-0.20725390289218662,-0.18031588264829113
ATF6B,0.5306243872774785,0.17074644316577198,0.8364743781426671,-0.1970423193587843,-0.2192332047016238
NCKAP1,0.5319304392714799,0.17020237544082056,0.8364743781426671,-0.5781500687750304,-0.6463623989034654
VPS4B,0.5330898886608708,0.169719960193718,0.8364743781426671,-0.38509503425788694,-0.4462861975872127
ATL3,0.532369045611468,0.1700198191513712,0.8364743781426671,-0.14733300751348824,-0.16897915881390102
FITM2,0.5419485523716323,0.16605187395663276,0.8397993040269498,0.03694698472568139,0.012339324710922429
AHCYL1,0.5392533573315804,0.16716457758659536,0.8397993040269498,-0.545037087486438,-0.6115626144760282
ATOX1,0.5405612533362474,-0.1666242610099713,0.8397993040269498,0.002058171585613362,0.03447155964823563
BAG6,0.5504987561593324,-0.16254051313964268,0.8397993040269498,-0.22560532152916563,-0.19403283506016608
PMEPA1,0.5437610327958959,0.1653051895511522,0.8397993040269498,0.0020173740379082006,-0.014445403358939278
FOXC2,0.5521259549726655,-0.16187540110035334,0.8397993040269498,-0.08416118876503724,-0.050014262594245656
NLGN3,0.5617703799488627,-0.1579533003161934,0.8397993040269498,-0.11510406584927578,-0.09444725961382436
SIK1,0.5621782516333125,-0.1577881737463086,0.8397993040269498,-0.022932957879815176,0.0038006744089122343
FAAP20,0.5628820707640823,-0.1575033726153397,0.8397993040269498,-0.27526942262095727,-0.24660706512688835
RNF149,0.5638253678051983,-0.15712194281827516,0.8397993040269498,-0.1280690477593816,-0.10414231378814061
NDUFS5,0.5645124551317227,-0.15684431204955565,0.8397993040269498,-0.6553330521566072,-0.6017381052684126
F11R,0.5659074833769301,-0.15628113682937825,0.8397993040269498,-0.19016781714876588,-0.15598999775375547
TIA1,0.5608502551509115,-0.1583260307896543,0.8397993040269498,-0.015817176231788972,0.0074505459142771985
NFE2L1,0.5459328876347448,0.16441212530835278,0.8397993040269498,-0.16144906530010766,-0.18474127886264702
RXRA,0.5427581826582899,0.16571817446711207,0.8397993040269498,-0.089012767823158,-0.12649256909825532
GORASP2,0.5470756222052766,0.16394296017577706,0.8397993040269498,-0.04991466184229208,-0.08434579248232921
LRRC37B,0.5667557479249233,0.15593902544412638,0.8397993040269498,-0.27659912689157534,-0.3092620897216519
SMARCC1,0.5656070876916708,0.1564023491832995,0.8397993040269498,-0.274336088550018,-0.30305864398110477
TMEM154,0.5655536826046691,0.1564239019361363,0.8397993040269498,0.029984902989418753,0.007074340683005135
PDS5B,0.5641617571439961,0.15698599740370503,0.8397993040269498,-0.07313833316157248,-0.11976289226474157
PDE1B,0.5459569296238487,0.1644022494055708,0.8397993040269498,-0.09602139031988957,-0.11153533363075954
C1orf174,0.5562650971905709,0.16018797211425265,0.8397993040269498,-0.008359108521257328,-0.02717973314429327
RARG,0.5557949308056754,0.16037932981957684,0.8397993040269498,-0.03337764358830468,-0.059757103683190406
TTC4,0.5582292455796711,0.15938943708296088,0.8397993040269498,-0.406919927391222,-0.45401006276758876
STAMBP,0.5502910172647894,0.16262549709824684,0.8397993040269498,-0.18127232448905767,-0.23012449471157795
TSPAN13,0.5491535688086304,0.16309110394925608,0.8397993040269498,0.07828524519704719,0.06048495286857385
PGLYRP1,0.5477357577194848,0.16367215943236957,0.8397993040269498,-0.08161229042195688,-0.10070793320997533
GABRD,0.5475489665044666,0.16374876809982533,0.8397993040269498,-0.02689090117945388,-0.054349963912222736
DIAPH1,0.5553671173896264,0.1605535203243294,0.8397993040269498,-0.0934135345049459,-0.12132834599899461
HCST,0.570095565723636,0.15459449079688944,0.8431298404954923,0.0021681816269549193,-0.015071780413619958
COX19,0.5723845743394793,0.1536752136646291,0.8448965418548338,-0.1472118953688788,-0.17942066580786514
XPO7,0.5771199235635908,-0.1517791354885071,0.8486510240547807,-0.010816328510094184,0.013860764660165495
APP,0.5771266679129013,-0.15177644037692878,0.8486510240547807,-0.003301301665023926,0.014940452757974248
ASNS,0.5875670308042633,-0.14762234938686297,0.8510351740729667,-0.25233942117603136,-0.20785564291940986
MGRN1,0.5861490368570144,-0.14818446893367032,0.8510351740729667,-0.02598870301307403,0.0010341076203652182
DUOXA2,0.5865591180007758,-0.14802183864974489,0.8510351740729667,-0.11700373949920631,-0.09450335232181291
BTRC,0.584937282148638,-0.14866534433690576,0.8510351740729667,-0.1563466818065404,-0.13612224844475984
PRSS8,0.5875615736503035,0.14762451146935282,0.8510351740729667,0.014381473550584152,-1.8373344284902618e-05
CATSPERG,0.5819113793240582,-0.14986823118137158,0.8510351740729667,0.029631277557366838,0.04525117122725646
SQSTM1,0.5818852092390968,-0.14987864761359415,0.8510351740729667,-0.15893740462576525,-0.12281500409458974
WRAP73,0.5827398208098378,-0.14953860405254651,0.8510351740729667,-0.19015068527880133,-0.16076381164359502
HKDC1,0.5917601998693405,-0.14596384912059013,0.855503509923466,-0.0339139273420653,-0.013850652993086965
FAM81B,0.5971321788712891,-0.14384716581757123,0.8615882333739205,0.03971043818946362,0.0543748661394764
PGR,0.5982011568502869,-0.14342702832290685,0.8615882333739205,-0.010577866557518582,0.006759236112406417
LDHA,0.6117048100050804,-0.13814929697464068,0.8652104030009907,-0.4795669649259329,-0.4475606942260574
PEDS1,0.6109262998223457,-0.1384521079980421,0.8652104030009907,0.004466992188563438,0.02626185945196128
DUSP1,0.6119234197390426,-0.13806429755043048,0.8652104030009907,-0.08921346766470994,-0.05655208893877341
ZNF526,0.6117727101258048,0.1381228947010211,0.8652104030009907,-0.05434054041546116,-0.0717955217808228
IL27,0.6045402534916375,0.14094271949579523,0.8652104030009907,-0.03181285910913702,-0.04960321996232109
LAG3,0.6049845719142941,0.14076904238833732,0.8652104030009907,-0.05856873271670537,-0.07662798228520357
MFAP3,0.6052299842796847,0.14067313969832299,0.8652104030009907,0.08925459370358928,0.07186716246142165
FARS2,0.6055753131392141,0.1405382217336369,0.8652104030009907,-0.4323982086270683,-0.4785394774800032
PLAT,0.607288646894422,0.13986935399513425,0.8652104030009907,0.11649648961029027,0.09608329287299232
ZNF703,0.6105488080498849,0.13859900120003338,0.8652104030009907,-0.012886121930073994,-0.035906070174186025
COQ9,0.6134018047217836,0.13748983591453376,0.8657151613258081,-0.11214543601741764,-0.13021213803939677
SRC,0.6152783898033085,0.13676154605301055,0.8667790454893325,-0.2539348580495569,-0.2802617308708545
TLE1,0.6171414442780498,-0.136039497981844,0.8678200272908096,-0.12905669388137472,-0.10566594377955282
NBN,0.6186161974822422,-0.13546863524187508,0.868312189920529,-0.18840344030523545,-0.16649833963692132
GUF1,0.6244248621928411,0.13322605086481554,0.8700157151944279,-0.0839808082938297,-0.09872809667798373
NUP188,0.6219747130314495,0.13417085549737087,0.8700157151944279,-0.3306237788247773,-0.3557246124707315
YIPF6,0.6232076754875253,0.13369520526164153,0.8700157151944279,-0.024414435177070384,-0.04743424739184608
CARD14,0.6254646657162014,0.13282558827728727,0.8700157151944279,-0.05194069614467275,-0.06601345723227615
TRAPPC14,0.6254349740013064,0.1328370194460805,0.8700157151944279,-0.13593188553006338,-0.15691045359754793
XRCC1,0.6276764613884274,0.131974730205243,0.871521993150838,-0.24871719956793154,-0.2740583226450755
CNMD,0.6298133216835232,-0.13115395215924316,0.8729190024051704,-0.035465742432647336,-0.02038136289504343
GPR84,0.6309959481607074,0.13070022498368417,0.8729908100001185,-0.10571024307276687,-0.12755000657443594
PET100,0.6347478761563365,0.1292632099836504,0.875045286415521,-0.249191037400676,-0.2770018118078025
C1orf112,0.6343391579802065,-0.12941957214738392,0.875045286415521,-0.08240596625251707,-0.06706707005224655
RHPN1,0.6385155220844287,0.12782388045845647,0.8755593478681619,-0.23900578624279478,-0.2651030589901976
SPX,0.6394942474141654,0.12745058453864472,0.8755593478681619,0.024620799731206504,0.014665768595333644
CENPQ,0.6396573474062738,0.12738840041517005,0.8755593478681619,-0.16578795688301823,-0.1886890448830199
BMAL1,0.6390644885003602,-0.12761446871982696,0.8755593478681619,-0.1603021410832816,-0.14228110747219327
STARD5,0.6444563248755788,-0.12556175319207097,0.8756536978380051,-0.021922916416166876,-0.0059012263355214594
CHD7,0.6440063952464437,-0.1257327637683653,0.8756536978380051,-0.03370407477515126,-0.004458451420535525
HTRA2,0.644729188470565,0.12545806713886173,0.8756536978380051,-0.04650280171569459,-0.06897558392492509
UAP1,0.6453976088987369,0.12520415133157062,0.8756536978380051,-0.38889426126021465,-0.4284265973949073
BNC2,0.6414650347579538,-0.12669964979461698,0.8756536978380051,-0.012354591510180953,0.005590374614151421
WDR73,0.650003256884293,0.12345760081509832,0.8803552882713582,-0.6971087852118149,-0.7625993464991782
IQCG,0.6519963991007021,-0.12270337951713989,0.8815082663848371,-0.08740519899273803,-0.071658059631482
DYSF,0.6582078162375347,0.12035907765239193,0.8852551117341059,-0.07621501159494655,-0.0913557199433589
RBM5,0.6570125640112947,0.12080947148595672,0.8852551117341059,-0.15442361553693656,-0.1906391531120704
NFAT5,0.6571573114293549,0.12075490987256104,0.8852551117341059,-0.16985924617428344,-0.18687643986685215
NF2,0.663589547597264,0.11833529561282902,0.8867812900467378,0.36009041594359514,0.3000282207057347
SERHL2,0.6667921615259236,-0.11713414649568368,0.8867812900467378,-0.09741325745560167,-0.07941302630832278
LRP8,0.6673833283900967,0.11691268395279139,0.8867812900467378,-0.04738049705673007,-0.06343764425826927
PPP1R14C,0.666714614881069,-0.11716320286580154,0.8867812900467378,-0.018391867081773528,-0.0052878272173127435
PRKCE,0.6644059933851068,0.11802886186023992,0.8867812900467378,-0.18283237628013346,-0.20287171351636454
STK11,0.6645189123164859,0.11798649247194815,0.8867812900467378,-0.08016379703552635,-0.12268424013291793
CRK,0.6640112014928532,0.11817701854818428,0.8867812900467378,-0.20024960754901203,-0.23389600389629123
PIP4K2A,0.6691416239189132,-0.11625446053292414,0.8875899203872869,0.09256689286061338,0.11014215877012792
AKAP13,0.6746828862072743,0.11418460234704458,0.8921656179867659,0.044302062096103496,0.02115815233650493
FBXL18,0.6749024882179679,0.11410271334384231,0.8921656179867659,-0.0018701412528494637,-0.02433737188565138
MRPL14,0.676209738878734,-0.11361546187859388,0.8923656725032182,-0.36831000944747894,-0.331107970681112
PEX11B,0.6810287520078158,0.11182247770968258,0.8933005047535667,-0.21162338825254828,-0.2299505430763871
NEK1,0.6795261591096582,-0.11238100181371337,0.8933005047535667,-0.1664064353880596,-0.1451290201683182
RNF115,0.6799154654652794,-0.11223624747336969,0.8933005047535667,-0.1354012095497199,-0.11558325608467065
RELB,0.6815466286267498,-0.11163009138664945,0.8933005047535667,-0.11025896103473382,-0.09203940231004526
NABP1,0.6867224899873838,0.10971042746253566,0.8975546730912594,0.009892607398659548,-0.0023806115105014934
C6orf226,0.6906055386220311,-0.10827392363658936,0.8975546730912594,-0.05417642150958019,-0.04053345881067759
NXT1,0.6894087410412812,0.10871633801576935,0.8975546730912594,-0.45872084279517655,-0.5124741742722237
CSTF2T,0.6891950652609262,0.1087953574833939,0.8975546730912594,0.02901547289988613,0.011380709623724661
GPM6B,0.6896631384372318,0.1086222715374972,0.8975546730912594,0.10042696455513875,0.08981719057396963
SLC2A1,0.6921512766093458,0.107702951898085,0.8979762875166457,-0.3694962122240748,-0.41863238951061743
ZNF524,0.6944194865899449,0.1068659886712805,0.8979762875166457,-0.010991582384059848,-0.02558484226249775
AGTPBP1,0.693387731375524,0.10724657448990238,0.8979762875166457,-0.010491268935382094,-0.023036216691544296
HNF1B,0.7000221751350066,-0.10480302726493544,0.9037075571977009,-0.6609973132595873,-0.5974278558367444
DYNLT3,0.711723676972388,0.10051410854699695,0.9051905743372052,-0.13045332463280465,-0.14433436801827837
HSF1,0.7111515203733773,0.10072321621657383,0.9051905743372052,-0.3453427896780679,-0.3726874396970608
GLB1L3,0.7058012146762378,0.10268158276452667,0.9051905743372052,0.15334259541774023,0.14138030919565642
PAK2,0.706266721731879,-0.10251097840796859,0.9051905743372052,-0.3692710807239627,-0.34297409625170555
MRPL13,0.7051309344851575,-0.10292730748021797,0.9051905743372052,-0.2594870631586796,-0.23530625311452985
CYC1,0.7116431629412621,-0.10054353055119424,0.9051905743372052,-0.5113798197280792,-0.4740714706972429
PDCD2L,0.7096015660404311,-0.10128998939758944,0.9051905743372052,-0.050437488588704615,-0.024998446681864357
PHKA2,0.7077243981797939,-0.10197701930144971,0.9051905743372052,-0.03298081423244363,-0.02095135358731376
ATP8B1,0.7044247239485065,-0.10318629742366311,0.9051905743372052,0.06622358742180331,0.08232628857652458
TNNI3,0.7138455851898722,0.09973913897966208,0.9063960390897718,-0.052321734274617275,-0.06267753888708685
PDXK,0.7237613012972164,-0.09612854753695536,0.9161421049479891,-0.1297863243799401,-0.11465713136940003
PGBD1,0.7238946684174525,0.09608010440498949,0.9161421049479891,0.08013945723012417,0.07152352034325504
MFSD5,0.7283841284212575,-0.09445120133763632,0.9203151344373336,-0.019139964080091037,-0.0065027238027993844
GPR153,0.7310379488608032,0.09348995454307867,0.920654643589788,0.023198805537600113,0.01126227104116794
ATP7A,0.7303642731806694,-0.09373385443414839,0.920654643589788,-0.20259203698266529,-0.1846639705008136
MPI,0.7368755829532453,0.09137967682180644,0.9264950326382823,-0.08976292537004,-0.11253386025284698
RAB11A,0.7383326370160809,-0.0908538418429498,0.9268175541079909,-0.22336917348206065,-0.19885089815091295
SLC22A14,0.7414120384458855,0.08974366096811705,0.9276662782499573,-0.00696410237704188,-0.01773593653691829
VPS4A,0.7413417893069767,0.08976896992472622,0.9276662782499573,-0.33684305320096264,-0.35981238781667163
MTRR,0.7430864523859626,0.08914064790201694,0.9282568628510731,-0.12497500333927151,-0.13840008348745256
PLEKHG5,0.7492062582521283,-0.0869404898545266,0.9296797764692738,0.02771605840622335,0.039907569789783603
KPNA2,0.7468136862390617,-0.08779995137314674,0.9296797764692738,-0.4219622271783716,-0.39912000975889844
ZNF816,0.7497209432393194,0.08675572090712659,0.9296797764692738,0.10294065283849217,0.09138839057204588
PRICKLE4,0.7456474223156555,0.088219223140906,0.9296797764692738,0.15552409447705154,0.14589589205616502
GRM2,0.7502467626170435,0.08656699716213749,0.9296797764692738,-0.12409140098851132,-0.13559368234237204
SLC11A2,0.7535420818670325,-0.08538523061185639,0.930996286385888,-0.16053902533586545,-0.14843814106874917
ARF1,0.7537210867761399,0.08532108343153835,0.930996286385888,-0.3484549645954858,-0.37346559230634196
FZD10,0.7564795494903299,0.08433318905589905,0.932910882119065,0.10620823736623078,0.09511514461574583
FBXL12,0.7747657904723821,-0.07781236734555326,0.9375814242272624,-0.13597588123977242,-0.11986519845365522
CADM1,0.7745199918583794,-0.07789970640153843,0.9375814242272624,0.048394799072014986,0.05943046585529869
BCAT1,0.7743299657697871,-0.07796723358146986,0.9375814242272624,-0.040087182195735,-0.030268634536765066
LINGO4,0.7716057361404549,-0.07893585316196244,0.9375814242272624,0.0070986914688605145,0.016231477337382474
RCE1,0.7714476413691675,-0.07899209631863827,0.9375814242272624,-0.17135286302534652,-0.1564417333725507
SOX3,0.772355962104321,0.07866900294960158,0.9375814242272624,0.0016511508418893765,-0.006661338589021988
ATOSA,0.7636366637569765,0.08177527078575227,0.9375814242272624,-0.10157849404124014,-0.1118271786552501
USP14,0.7630491826263197,0.08198495136361131,0.9375814242272624,-0.050344254999671864,-0.06553015569679994
PLEKHG1,0.7760550907787833,0.0773543777769806,0.9375814242272624,0.08364617815300443,0.07409726227956141
EFNA1,0.7759646560234057,0.07738649496210458,0.9375814242272624,0.022097743019183474,0.012682902778566294
BDKRB2,0.7747902269994218,0.07780368482053358,0.9375814242272624,0.09099745882987963,0.08077140520362035
FAR2,0.7651934795745041,-0.081219861126984,0.9375814242272624,-0.16077307578753142,-0.15170358084896346
SPAG17,0.7739012306800921,0.07811960589193126,0.9375814242272624,-0.11523335309753932,-0.12742291371233938
DYNAP,0.7778057241312823,-0.07673287160124842,0.9382281547333594,0.08078869103326657,0.08834085772686749
PARD6B,0.7812833168786075,0.07549947847073585,0.9408765320901255,-0.48146214222298334,-0.514077852138195
DAO,0.7824387740956742,0.07509002753842954,0.9408765320901255,-0.06087108761460496,-0.07092144791377046
TBX6,0.7907296534506073,-0.07215710134116443,0.9478933112792994,-0.1437225080596927,-0.13484522896476298
MECP2,0.7899092049192383,0.07244694858417472,0.9478933112792994,0.08520314363944066,0.07782406773960068
TJP1,0.7933048717438917,0.07124787490779749,0.9495059860252472,-0.2002271960822459,-0.21552391907075744
SLC33A1,0.8027011730916316,0.06793717770874438,0.9551422302847056,-0.45028225182360354,-0.4772192692720894
MORN1,0.8013806310787964,0.06840182328653599,0.9551422302847056,-0.10655570630816259,-0.11686317884140579
DNAJA4,0.8017495029393308,-0.06827201156886356,0.9551422302847056,-0.05829456782292941,-0.05030326781323145
PTGER4,0.8033172179050029,-0.06772048599240243,0.9551422302847056,-0.016258595099353568,-0.008227419189085322
FAM221B,0.8042000643588842,0.06741002452407002,0.9551422302847056,-0.012135799456975913,-0.018351289307170043
ID1,0.8105718080495989,-0.06517198249219668,0.9568217673001382,-0.05760128471144817,-0.046719654504920084
HS6ST1,0.8071059145029287,-0.06638878810033787,0.9568217673001382,-0.3960400112444641,-0.3812220325949486
MRPL28,0.8099829044225363,0.06537863966945207,0.9568217673001382,-0.38221623377772157,-0.39874162644452976
CTNNA1,0.8103516993606987,0.06524921817815367,0.9568217673001382,-0.20431279861904383,-0.22923829115258096
ACTG2,0.8185598602017832,-0.0623725838816801,0.9574669879936009,-0.08888102150139465,-0.08206397539989674
NDUFB7,0.8180640149482887,0.0625461515888669,0.9574669879936009,-0.4469256427197002,-0.4657361636781148
MICAL2,0.813929037200285,-0.06399460188445746,0.9574669879936009,0.029402078605380456,0.03649847801566597
MAGEE1,0.8170984089088449,0.0628842313899137,0.9574669879936009,0.17097579656871367,0.162524058448711
TSR3,0.8157328399937581,0.06336251734747678,0.9574669879936009,-0.09015746670615346,-0.10153253150054281
ERMP1,0.8166777643393538,0.06303153941013136,0.9574669879936009,-0.06375695669210521,-0.07592468672380105
MACROH2A1,0.8211204623854105,-0.06147667323875986,0.9579639599733063,-0.08880624583439405,-0.07966707348286617
PYCARD,0.8214665045366953,-0.06135565175452919,0.9579639599733063,0.058727539659869106,0.06598110825676735
ACER3,0.8228647042545466,0.06086678536926315,0.9581471367790497,0.07448463631756688,0.06944138680637703
BAG5,0.827445645551672,0.05926650927192812,0.9620301782618838,-0.17445881035873656,-0.1823332204274745
UQCRC2,0.8316481660368207,-0.05780027927986383,0.965462231850264,-0.613214306317302,-0.5911770751651488
DPF2,0.8442493394581104,0.05341395195213265,0.9679095162240556,-0.27789489736603257,-0.29175826484564776
BEX3,0.8441745214782048,0.05343995206126843,0.9679095162240556,0.22327580878393924,0.21775829683006662
AIFM3,0.8398617883765025,0.05493953212798757,0.9679095162240556,-0.07838812706844953,-0.08772101018750449
PREPL,0.8447349630166892,0.05324520434461712,0.9679095162240556,-0.25201825561304125,-0.2581209824403281
LOXL2,0.8395581999950087,0.05504515688392468,0.9679095162240556,0.09892090019991485,0.09202321587812141
RMND5A,0.8462939422943492,-0.05270362197249171,0.9679095162240556,-0.2535692879141922,-0.23773782557761328
EARS2,0.8373844443431026,-0.05580170202295849,0.9679095162240556,-0.38832920391514253,-0.36525503709897944
SPATA7,0.8402910276676795,-0.05479020529703099,0.9679095162240556,0.01686233339260787,0.022769247946411983
OLFM2,0.8456233192994573,-0.052936566958762955,0.9679095162240556,-0.048938626584510835,-0.04206029186134027
FCRL2,0.8360983014178508,0.05624953438575241,0.9679095162240556,-0.037431537979741664,-0.04666649610014234
MAPK1,0.8695346731721928,0.044654031131570654,0.9690623709739463,-0.2871406673603377,-0.30294991366687707
ROGDI,0.8524596021217203,0.050563777694566193,0.9690623709739463,-0.01218342909208987,-0.017862335776503944
ARHGAP29,0.8552819590968602,0.04958533401695433,0.9690623709739463,-0.40449970478574204,-0.41644670660853567
CTNND1,0.861785020519087,0.04733336119204734,0.9690623709739463,-0.14284443442542336,-0.15556119390140952
SLURP2,0.86699063382276,0.04553309240693401,0.9690623709739463,0.06449488568171444,0.059576126593219654
H3-5,0.8740311397427268,0.04310149723203909,0.9690623709739463,-0.022385518298300683,-0.029585186329360358
LETM2,0.903412069112306,-0.0329898994038245,0.9690623709739463,0.048375329603338985,0.05340595425420528
ARHGEF39,0.8776007471052492,0.041870016463833974,0.9690623709739463,-0.0869906035217834,-0.09216503137788261
ZRSR2,0.9240085904129114,-0.02593016613071704,0.9690623709739463,-0.7107148793636429,-0.701461374920506
XIAP,0.9236172568577986,-0.026064118442406917,0.9690623709739463,-0.03591095792638168,-0.032973029761270624
RAF1,0.9209844662064324,-0.026965485326437742,0.9690623709739463,-0.26854495457048644,-0.26097774060791606
FGFR2,0.9192559401868456,-0.027557431370954573,0.9690623709739463,-0.06646164850176066,-0.06229237020139512
BRAF,0.9180065515428657,-0.027985376725065125,0.9690623709739463,-0.1933376122207984,-0.18307174846378768
HPGD,0.9143485646223978,-0.02923873762810918,0.9690623709739463,0.15681241650733263,0.1598435495422672
ONECUT2,0.9069802557978052,-0.03176535691731576,0.9690623709739463,0.054734147377424346,0.060113042405122843
PIF1,0.8500847675376851,-0.05138759626963437,0.9690623709739463,-0.14668159173873999,-0.13859713581266828
PLPBP,0.8528809254921808,-0.05041767261077997,0.9690623709739463,0.08820301668540283,0.09596109724885131
IQGAP3,0.8531948694885365,-0.050308813892894426,0.9690623709739463,-0.1585038613323382,-0.1516730844074246
DNAJA2,0.8547149305776527,-0.04978185595636045,0.9690623709739463,-0.03865837083656189,-0.029990906660840092
ADAP2,0.8640206031430575,-0.04655996858352442,0.9690623709739463,-0.14202488906552233,-0.13460384903115508
APEX2,0.9251281961240911,-0.02554696398496998,0.9690623709739463,-0.20516728496954822,-0.19865358348646475
CTXN1,0.8653249496576574,-0.04610891298978891,0.9690623709739463,-0.20200392767799444,-0.19587879249021145
XDH,0.8703477006374365,-0.04437320096584819,0.9690623709739463,-0.048156391410921866,-0.04415319233884703
RAB1A,0.8718340658876296,-0.04385991656088918,0.9690623709739463,-0.3254849533257146,-0.31740824713428484
SCN11A,0.8775594949616548,-0.04188424298075116,0.9690623709739463,-0.04188859135184649,-0.038467121700778956
AMPH,0.880992904578746,-0.04070057076068373,0.9690623709739463,0.05397018565985498,0.05784790824323354
CRTC2,0.8842234077823102,-0.03958757344875007,0.9690623709739463,-0.14123594945339252,-0.1356860088135301
ADIPOR1,0.890315445452996,-0.03749053372799936,0.9690623709739463,-0.034928174967785844,-0.02930084162013265
LRRC47,0.8977830280933325,-0.034923100180094736,0.9690623709739463,0.07101947322384186,0.07616185331639468
SURF2,0.8987153880046681,-0.03460277410740398,0.9690623709739463,-0.10562228891277936,-0.10104175070564364
CCDC96,0.8989220217234448,-0.03453178871683293,0.9690623709739463,0.03659796276832815,0.03988037907712364
CXXC1,0.9007933062854411,-0.03388905107356538,0.9690623709739463,-0.3073509246516725,-0.29956927577839476
PLA2G12B,0.9010013103706553,-0.033817619140503796,0.9690623709739463,-0.12168793127468809,-0.11709614144185906
WASF2,0.9016217515990617,-0.03360456389676491,0.9690623709739463,-0.3458351015934442,-0.33826204159844053
EGLN1,0.8677482983499806,-0.0452712401795221,0.9690623709739463,-0.23678351737268594,-0.2225130841389739
PPP2R5E,0.8756492853660691,0.04254314143922466,0.9690623709739463,-0.22383379048616342,-0.2313610016451313
C3orf38,0.9214493472994313,0.026806305986594035,0.9690623709739463,-0.2910360043442718,-0.29938501858057737
DMTN,0.9041255793423151,0.032744980407220174,0.9690623709739463,0.037800478959781524,0.034535940546457915
AAAS,0.9162345292197007,0.028592458864693603,0.9690623709739463,-0.1715503651874034,-0.17811446065909392
PA2G4,0.9133876410139206,0.02956809007704862,0.9690623709739463,-0.4904841314801501,-0.49676320199090895
ARHGDIA,0.9122759235229074,0.029949182078723602,0.9690623709739463,-0.12933639762633273,-0.13523358105159392
ATRN,0.9108273621891896,0.030445833440153402,0.9690623709739463,-0.19859936370625558,-0.20434120515966916
FKBP11,0.9106517857514557,0.030506038340201415,0.9690623709739463,-0.09139563954673355,-0.09520407328501423
MICU2,0.9084962001639968,0.03124531150434133,0.9690623709739463,-0.01128091791690461,-0.014458798556770692
CCSAP,0.9053998691216675,0.03230763632478157,0.9690623709739463,-0.019072786670879343,-0.02498466417733507
KIF18B,0.9048935563116263,0.03248139565700139,0.9690623709739463,-0.4198767078280189,-0.4312231524946342
CHCHD3,0.9212532222607337,0.026873459756824994,0.9690623709739463,-0.2936547608242685,-0.29817180420124
SIMC1,0.9042388707376723,-0.032706094599781715,0.9690623709739463,-0.14474604116377543,-0.1377678520644425
UPF3A,0.9165194934424582,0.02849482237498626,0.9690623709739463,-0.10404586998234,-0.10854542106802019
ERP44,0.904116792498842,0.03274799640640574,0.9690623709739463,-0.004534185142670646,-0.009323082310119557
ATPAF2,0.899431027855909,0.034356938878221,0.9690623709739463,-0.19031381452630494,-0.19692705977219488
CUL4B,0.8959944312743544,0.03553773880548005,0.9690623709739463,-0.06646017832816122,-0.07343473697070169
AKT2,0.8957486386358912,0.03562221819864293,0.9690623709739463,0.05485429427856285,0.04476396739931513
MARK3,0.8938156899072478,0.036286700017187395,0.9690623709739463,-0.09366741489263881,-0.100413055749355
ZNF786,0.8896888031698171,0.03770613276582547,0.9690623709739463,-0.11138864820584271,-0.11512757248011472
HES3,0.8877117076629961,0.03838652135045121,0.9690623709739463,-0.12196026589829392,-0.12903367727785528
GLIS3,0.8848780731819155,0.039362106733680194,0.9690623709739463,0.1130786086084771,0.10746288294433211
PCBD1,0.8819191369922198,0.040381387462895345,0.9690623709739463,-0.006453078972282507,-0.01366965290409281
HSPA4,0.8815550925471574,0.04050683176078941,0.9690623709739463,-0.11881945996222228,-0.12573909509057243
NDUFAF5,0.8806524954214812,0.040817891522767866,0.9690623709739463,-0.2700323789463767,-0.2794257991528619
AMBRA1,0.9025584615037325,0.0332829442368077,0.9690623709739463,-0.0908850101046656,-0.10502826097747328
MOK,0.9202074105399876,0.027231577170917978,0.9690623709739463,-0.13190849904225202,-0.1374541918572613
REX1BD,0.9314759540850267,0.023375308142952606,0.9743894804249873,-0.1067414412908467,-0.11075443157581652
CNOT9,0.934223595180367,0.022435784846838527,0.9759412929353767,-0.28364358500395115,-0.29098181847404164
PRKRA,0.9359867700663084,0.021833033622041212,0.9764618736367434,-0.6017195945156442,-0.6141462219442165
SLC25A32,0.9403184922593903,0.02035267129608521,0.9774340208906279,0.025196613238129044,0.022095139368247866
LRRC8C,0.9432960639920743,-0.019335450460450064,0.9774340208906279,-0.1010004264671404,-0.09874706828285522
ZNF638,0.9477835957280059,-0.017802905483490467,0.9774340208906279,-0.2606613805241058,-0.25638835203670407
CABIN1,0.9491894057939182,-0.01732292652703511,0.9774340208906279,-0.24848595647492086,-0.24515872417619988
PDE7A,0.9393274660834154,0.02069129738333219,0.9774340208906279,-0.06098061049594137,-0.06400767875690172
TXNRD1,0.9528874237787122,0.016060590611795197,0.9774340208906279,-0.3024770781414483,-0.309807494804998
TNFAIP3,0.9505432268044292,0.016860750329853826,0.9774340208906279,-0.024689879393221488,-0.027224550843294802
SETDB2,0.9501577886422148,0.01699232855809361,0.9774340208906279,-0.05036302399721122,-0.05252989262941018
UBR5,0.9427789531487965,0.019512089482134266,0.9774340208906279,-0.4693657417479621,-0.4764666021876286
TEX30,0.9437785543445721,0.019170644948855276,0.9774340208906279,0.11055902256278871,0.10867266196692582
SLC30A9,0.9533780022417654,-0.015893156634570298,0.9774340208906279,-0.2378397026472276,-0.2340449281264805
LZTS3,0.9516866936893871,-0.016470425194553707,0.9774340208906279,0.042780240866779194,0.04475779430064055
KDF1,0.9501644350450258,-0.0169900596203061,0.9774340208906279,-0.09643114076880337,-0.09348178251629997
MICU3,0.9556263391548869,0.015125879457966371,0.9784397000365685,0.00016287815179463628,-0.0013037398657855174
AP1M1,0.9665459977161079,-0.011401032533804646,0.9805170962376286,-0.07668505640902591,-0.07435177357974988
DEGS1,0.9662948355536433,-0.011486680008019088,0.9805170962376286,0.07457739104381626,0.07606620962613919
ZNF280A,0.9622796225007821,0.012856051268272549,0.9805170962376286,-0.0027683863319629097,-0.00454401108221567
MTIF3,0.9597647017998308,-0.013713922486022274,0.9805170962376286,-0.1553767203208077,-0.15305746771054599
AP2B1,0.966348569095564,0.011468356520378652,0.9805170962376286,-0.15638954034823743,-0.1585127111630419
PAFAH1B2,0.9664336038387991,-0.011439359228512797,0.9805170962376286,0.10484021910722488,0.1066175401062393
SCYL1,0.9619040057112616,0.012984170341610654,0.9805170962376286,-0.3486571231575437,-0.35181871653394864
HNRNPUL1,0.9687861699220046,0.01063717366048293,0.9814998991860729,0.002596152991928559,0.0007498751722173178
OSBPL9,0.9757850823009366,-0.008251195897659352,0.9860027271417842,-0.2699928703052701,-0.2686282394829056
ARV1,0.974707809615182,0.008618398437024891,0.9860027271417842,-0.004029459685697119,-0.005304449742917016
GABBR2,0.9803584536465111,0.006692465927827961,0.988037501586301,-0.08296838780686662,-0.08382807598177211
TOE1,0.9796148385358757,0.006945893527100085,0.988037501586301,-0.6709654483755323,-0.6737058658973422
MMP8,0.9856832733801039,-0.004877902606744078,0.9921088488258673,-0.11277415825888398,-0.11221679213506754
CDK8,0.9919210849814702,0.0027524924309759572,0.9941840349444762,-0.09640641439012587,-0.09713504771946309
SIM2,0.993998577991996,0.0020446729308100688,0.9941840349444762,0.038151460040048865,0.03774438558614654
GRK6,0.9941840349444762,0.001981486937382591,0.9941840349444762,-0.057730773236463966,-0.05804052661690086
SAMD11,0.9932017676804314,-0.0023161510163937416,0.9941840349444762,-0.016379166698929522,-0.016058991407858672
PRDM16,0.9909630076915519,0.003078923648357072,0.9941840349444762,-0.1364679584241302,-0.13698946403471066
