Gene,Dependent Cell Lines,Dependent Cell Lines (%),Dependent Cell Lines (fractions),Dependent Cell Lines Median Gene Effect,NormLRT
AAAS,4.0,10.0,0.10256410256410256,-0.759002804951024,12.8873799690799
AARS2,8.0,21.0,0.20512820512820512,-0.5686051288966851,0.465015099661562
ABCA4,2.0,5.0,0.05128205128205128,-0.6422544413392368,3.9483138508054
ABHD11,4.0,10.0,0.10256410256410256,-0.7325689384064653,7.27010235577709
ABI1,8.0,21.0,0.20512820512820512,-0.5879203700808124,22.2887718602589
ACAD9,2.0,5.0,0.05128205128205128,-0.6055787623115032,0.583802804551969
ACD,4.0,10.0,0.10256410256410256,-0.6160289740463398,2.48255689819892
ACLY,18.0,46.0,0.46153846153846156,-0.7319812408312385,3.48421498290523
ACOT12,2.0,5.0,0.05128205128205128,-0.5557129617667486,0.366181720810644
ACOX1,8.0,21.0,0.20512820512820512,-0.6291901248689615,3.20086210907338
ACSL3,9.0,23.0,0.23076923076923078,-0.6785816917814583,16.3196306294078
ACTR5,5.0,13.0,0.1282051282051282,-0.6865759452886112,4.02570136878323
ADAMTSL4,2.0,5.0,0.05128205128205128,-0.5680712464486972,9.69817339781811
ADAP2,2.0,5.0,0.05128205128205128,-0.6175123997401069,7.27323372689465
ADAR,21.0,54.0,0.5384615384615384,-0.8144106496813852,1.9371218430289
ADNP,6.0,15.0,0.15384615384615385,-0.6682548762773401,8.19949376887134
ADRM1,6.0,15.0,0.15384615384615385,-0.657521310526628,2.86821787033565
AGAP6,16.0,41.0,0.41025641025641024,-0.6015761488916387,0.512463518914919
AGPAT2,2.0,5.0,0.05128205128205128,-0.6815468222739891,12.4986685941645
AHCYL1,21.0,54.0,0.5384615384615384,-0.8395065129145577,5.43012866138697
AIP,3.0,8.0,0.07692307692307693,-0.6408967600094578,0.990411637994574
AK4,10.0,26.0,0.2564102564102564,-0.6022556909405441,3.74650297923902
AKIRIN1,2.0,5.0,0.05128205128205128,-0.6783266467198332,10.1494310993108
AKTIP,2.0,5.0,0.05128205128205128,-0.6621814305476477,11.6202931392969
ALAD,2.0,5.0,0.05128205128205128,-0.6775805711946786,9.82533320063062
ALAS1,8.0,21.0,0.20512820512820512,-0.6929398760810919,13.4786104946781
ALDH18A1,2.0,5.0,0.05128205128205128,-0.9768371356041954,28.0437052647974
ALG10B,2.0,5.0,0.05128205128205128,-0.5638276076533246,1.70376157882577
ALG5,9.0,23.0,0.23076923076923078,-0.6121674037825755,6.21120504627849
ALG6,5.0,13.0,0.1282051282051282,-0.6214510010538266,3.00288093562288
ALG9,2.0,5.0,0.05128205128205128,-0.6389193632690717,11.0915362124221
AMBRA1,4.0,10.0,0.10256410256410256,-0.7452747688144987,3.87917657572047
AMPD1,3.0,8.0,0.07692307692307693,-0.5148284960798336,2.15428183668051
AMY2A,6.0,15.0,0.15384615384615385,-0.559107205761895,-3.99546254783445e-05
ANAPC7,2.0,5.0,0.05128205128205128,-0.6746986786360605,10.8945449551996
ANKRD11,4.0,10.0,0.10256410256410256,-0.5818983053047507,4.13510772755084
ANKRD17,12.0,31.0,0.3076923076923077,-0.6243053642726148,7.06691376610939
ANP32E,2.0,5.0,0.05128205128205128,-0.7841781494688105,14.8364175809712
ANXA8L1,2.0,5.0,0.05128205128205128,-0.526189694456476,1.03825008964223
AP1M1,2.0,5.0,0.05128205128205128,-0.6243470133500657,24.5714113798021
AP2B1,3.0,8.0,0.07692307692307693,-0.5848375466582085,4.59957841839829
AP3B1,3.0,8.0,0.07692307692307693,-0.5877902653870686,2.78774185132334
APEX2,5.0,13.0,0.1282051282051282,-0.6988931814809646,11.8427687505788
APH1A,2.0,5.0,0.05128205128205128,-0.5887194204935751,1.54191787912877
APRT,2.0,5.0,0.05128205128205128,-0.5566042912356215,12.5400613610079
AQP7,7.0,18.0,0.1794871794871795,-0.6330682804801491,0.0146590320901296
ARF1,11.0,28.0,0.28205128205128205,-0.6663625214487968,7.03939203064205
ARF6,8.0,21.0,0.20512820512820512,-0.634734969765256,1.50078856368648
ARHGAP11A,6.0,15.0,0.15384615384615385,-0.596904508356964,6.33787688154394
ARHGAP29,10.0,26.0,0.2564102564102564,-0.7932406410883966,11.4082538509017
ARHGDIA,2.0,5.0,0.05128205128205128,-0.8127287686918034,16.3657317978061
ARHGEF5,4.0,10.0,0.10256410256410256,-0.6125133388891448,7.48114058416278
ARHGEF7,24.0,62.0,0.6153846153846154,-0.7768640898487313,2.910097118044
ARID2,8.0,21.0,0.20512820512820512,-0.7259171018289076,4.21038375530846
ARID5A,2.0,5.0,0.05128205128205128,-0.558357270908836,2.59302752969171
ARL4C,2.0,5.0,0.05128205128205128,-0.6122250558223599,14.1349353958838
ARL6IP6,2.0,5.0,0.05128205128205128,-0.5793979185182427,9.82239087786083
ARMC10,4.0,10.0,0.10256410256410256,-0.565331231416303,7.27136447917196
ARMC5,8.0,21.0,0.20512820512820512,-0.6537770217847465,15.822317385464
ARPC2,28.0,72.0,0.717948717948718,-0.6410283594798907,1.73010708158851
ARPP19,2.0,5.0,0.05128205128205128,-0.7087161391335746,9.81927212226331
ASF1A,3.0,8.0,0.07692307692307693,-0.577007293603868,25.9771521824117
ASH1L,2.0,5.0,0.05128205128205128,-0.9101489499198597,24.3254731843236
ASH2L,19.0,49.0,0.48717948717948717,-0.5819841623491177,2.06750302394036
ASNS,2.0,5.0,0.05128205128205128,-1.1430713733101205,31.4211453319412
ASPM,8.0,21.0,0.20512820512820512,-0.5920823388096379,5.34440618046174
ATAD5,11.0,28.0,0.28205128205128205,-0.584710577678688,0.0089654070995521
ATF4,18.0,46.0,0.46153846153846156,-0.7182660243088611,7.09223643969652
ATG9A,5.0,13.0,0.1282051282051282,-0.5241733952905805,2.41462682818686
ATP2B1,13.0,33.0,0.3333333333333333,-0.6218328875284382,1.96496682484791
ATP5ME,14.0,36.0,0.358974358974359,-0.7444111667236262,1.28564813146271
ATP6V0A1,5.0,13.0,0.1282051282051282,-0.587008275669759,6.05348351498975
ATP6V0E1,2.0,5.0,0.05128205128205128,-0.6186568147759097,9.38950293756221
ATP7A,2.0,5.0,0.05128205128205128,-0.7478484540144199,13.4081335742882
ATPAF2,4.0,10.0,0.10256410256410256,-0.6314522162712607,10.3798709814348
ATRN,2.0,5.0,0.05128205128205128,-0.9058995575795816,20.1168015783263
ATXN2L,2.0,5.0,0.05128205128205128,-0.5594332901175499,1.74300928333557
ATXN7L3,9.0,23.0,0.23076923076923078,-0.6625956670259195,7.10258920824548
AURKAIP1,5.0,13.0,0.1282051282051282,-0.6204022206582669,2.82357183853593
B3GAT3,5.0,13.0,0.1282051282051282,-0.5768765661625919,1.97152190808942
B3GNT2,5.0,13.0,0.1282051282051282,-0.5647999887516632,2.15973727047664
BAG6,3.0,8.0,0.07692307692307693,-0.711459675365358,4.92313578715108
BAK1,3.0,8.0,0.07692307692307693,-0.5243259983927518,4.15444538866849
BAP1,12.0,31.0,0.3076923076923077,-0.7765833352010787,2.25976167058217
BARHL2,3.0,8.0,0.07692307692307693,-0.5045379848870682,2.2437427740005
BAZ1B,3.0,8.0,0.07692307692307693,-0.8292096254639777,10.0921718393494
BBLN,3.0,8.0,0.07692307692307693,-0.5397216080568403,0.0006108517396015
BCAP31,3.0,8.0,0.07692307692307693,-0.6167246524201578,6.74015378787142
BCAR1,6.0,15.0,0.15384615384615385,-0.5554724903672354,0.0007341967175076
BCAR3,5.0,13.0,0.1282051282051282,-0.6839239062137508,9.57776788211471
BCL9,4.0,10.0,0.10256410256410256,-0.5300673858358362,6.53369749372134
BECN1,3.0,8.0,0.07692307692307693,-0.6015819408558174,3.59946777847589
BIRC6,13.0,33.0,0.3333333333333333,-0.6497508361530698,12.319662294775
BLTP2,7.0,18.0,0.1794871794871795,-0.6930013882604008,3.65231596088681
BMAL2,2.0,5.0,0.05128205128205128,-0.7753493177186737,19.804650314718
BMPR1A,3.0,8.0,0.07692307692307693,-0.647187166291314,5.04754816598317
BRAF,4.0,10.0,0.10256410256410256,-1.0006728738369248,49.8469676793692
BRD1,2.0,5.0,0.05128205128205128,-0.6284774746014855,6.98900989687222
BRD2,14.0,36.0,0.358974358974359,-0.8140829839514608,0.535407911371998
BRD7,3.0,8.0,0.07692307692307693,-0.6238587098927733,1.40232293769573
BRIP1,2.0,5.0,0.05128205128205128,-0.6724015867438753,6.89513105443407
BRK1,13.0,33.0,0.3333333333333333,-0.7987674159388235,7.56882116465543
BRPF1,2.0,5.0,0.05128205128205128,-0.5630213166292851,0.7620187118087
BTBD9,2.0,5.0,0.05128205128205128,-0.6008814953067205,1.18286759525427
BTF3L4,9.0,23.0,0.23076923076923078,-0.6853573033243361,1.05363870348228
C17orf49,4.0,10.0,0.10256410256410256,-0.5655558661160909,2.45874986205128
C17orf50,2.0,5.0,0.05128205128205128,-0.6010363592124934,4.90053249175907
C17orf58,3.0,8.0,0.07692307692307693,-0.5859677279948565,4.19441034257753
C17orf98,5.0,13.0,0.1282051282051282,-0.5523100383478893,2.75455053508217
C19orf25,5.0,13.0,0.1282051282051282,-0.5855237497911484,20.7786639932157
C1D,16.0,41.0,0.41025641025641024,-0.6310646489886046,5.42964257889593
C1QTNF4,7.0,18.0,0.1794871794871795,-0.594750613553189,1.16343978078758
C1orf43,2.0,5.0,0.05128205128205128,-0.7791972241912192,22.0960349814663
C1orf56,2.0,5.0,0.05128205128205128,-0.5567263939930251,4.09505632897979
C2orf68,2.0,5.0,0.05128205128205128,-0.7080498388003693,10.8005718296406
C3orf38,7.0,18.0,0.1794871794871795,-0.9261994594983652,25.3983621474285
C4orf46,2.0,5.0,0.05128205128205128,-0.5516231025561497,4.169031538536
C6orf136,2.0,5.0,0.05128205128205128,-0.6202648608978729,21.3553361726667
C8orf33,6.0,15.0,0.15384615384615385,-0.599510290841319,7.31549904811264
CA5A,6.0,15.0,0.15384615384615385,-0.5185404478247182,0.286851698545362
CAB39,7.0,18.0,0.1794871794871795,-0.8955860227904211,5.07309606626944
CABIN1,4.0,10.0,0.10256410256410256,-0.6042953440538634,4.53557152600166
CACNA1G,2.0,5.0,0.05128205128205128,-0.5757607878089397,4.54192912993617
CACNB3,5.0,13.0,0.1282051282051282,-0.5814714372209684,1.34907732426804
CADM4,4.0,10.0,0.10256410256410256,-0.6372613310065435,3.70088767563097
CAMSAP2,7.0,18.0,0.1794871794871795,-0.5927373704186519,2.82734020080021
CAMTA1,2.0,5.0,0.05128205128205128,-0.5810655751482096,8.53142788850686
CAND1,8.0,21.0,0.20512820512820512,-0.7922672737840311,3.66424938555654
CARS2,7.0,18.0,0.1794871794871795,-0.6649532292262743,6.98106720900801
CASC3,5.0,13.0,0.1282051282051282,-0.7398561325504018,14.7234420353836
CBFB,3.0,8.0,0.07692307692307693,-0.6445405538072424,2.38441752985288
CBLL1,19.0,49.0,0.48717948717948717,-0.5998816881428334,9.61820558514274
CCDC107,2.0,5.0,0.05128205128205128,-0.7551060354574153,18.946696944621
CCDC12,9.0,23.0,0.23076923076923078,-0.5472097138982683,5.7346083036563
CCDC25,2.0,5.0,0.05128205128205128,-0.5442538909996735,7.82472454058782
CCDC51,3.0,8.0,0.07692307692307693,-0.8119405525133063,26.858001970191
CCDC6,6.0,15.0,0.15384615384615385,-0.5580985076323288,1.70482642088768
CCDC74B,8.0,21.0,0.20512820512820512,-0.5804327207582369,0.207606651937123
CCNB1IP1,2.0,5.0,0.05128205128205128,-0.6087912345816358,1.38496654330011
CCND3,4.0,10.0,0.10256410256410256,-0.9266165627953171,48.9380828578088
CCNT1,3.0,8.0,0.07692307692307693,-0.5690748939204522,3.33181746247127
CCS,3.0,8.0,0.07692307692307693,-0.6314866750302304,1.70403557367052
CCT6B,2.0,5.0,0.05128205128205128,-0.588451201068567,10.7351218200549
CD101,2.0,5.0,0.05128205128205128,-0.5276425466245563,4.23325529001021
CD151,3.0,8.0,0.07692307692307693,-0.558720410636667,2.8331737759031
CD2BP2,4.0,10.0,0.10256410256410256,-0.577902091101679,6.40432668438413
CDAN1,19.0,49.0,0.48717948717948717,-0.8046371175188403,10.3401352972361
CDC25A,4.0,10.0,0.10256410256410256,-0.7551527789292227,6.82565614837451
CDC42SE1,2.0,5.0,0.05128205128205128,-0.5449759396619431,-1.12985172719959e-05
CDH1,8.0,21.0,0.20512820512820512,-0.7739606469563305,11.8601803070635
CDH2,2.0,5.0,0.05128205128205128,-0.7432133927885288,23.6524187097154
CDK4,19.0,49.0,0.48717948717948717,-0.76398997082487,13.5759282561007
CDK5RAP3,3.0,8.0,0.07692307692307693,-0.537122824575426,0.634778723779391
CDK6,32.0,82.0,0.8205128205128205,-0.8754284034883117,12.9252302393121
CDK8,4.0,10.0,0.10256410256410256,-0.7423150448665881,10.2083191544187
CDS2,2.0,5.0,0.05128205128205128,-0.5977599154156605,8.69222104077223
CEBPB,3.0,8.0,0.07692307692307693,-0.6175196968721985,4.29466780270885
CELF1,6.0,15.0,0.15384615384615385,-0.5833404653940119,2.64930153905007
CELSR2,3.0,8.0,0.07692307692307693,-0.5463109932566429,2.92643722059238
CENPO,8.0,21.0,0.20512820512820512,-0.7029948178022929,5.17920845040089
CENPP,19.0,49.0,0.48717948717948717,-0.6656413476485521,3.62526783481624
CENPQ,2.0,5.0,0.05128205128205128,-0.6260778688948543,3.91909154529753
CENPX,2.0,5.0,0.05128205128205128,-0.5854075386236919,0.73264775918166
CEP120,2.0,5.0,0.05128205128205128,-0.5587482748292931,4.69287398154207
CEP55,8.0,21.0,0.20512820512820512,-0.6025610398013203,0.902818206302318
CEP68,2.0,5.0,0.05128205128205128,-0.5189395480229475,0.0153848037797992
CEPT1,7.0,18.0,0.1794871794871795,-0.7046932975258545,14.3048814649294
CERS2,9.0,23.0,0.23076923076923078,-0.5819923377066832,2.13653840556661
CFAP410,3.0,8.0,0.07692307692307693,-0.6970321396912655,17.2305264065302
CFL1,27.0,69.0,0.6923076923076923,-0.8234083139400445,2.66447207806633
CFLAR,33.0,85.0,0.8461538461538461,-1.1792117550102508,3.11906631580806
CHAMP1,2.0,5.0,0.05128205128205128,-0.5256525409701318,4.7809251929656
CHCHD2,5.0,13.0,0.1282051282051282,-0.5934783643965967,1.29304612921201
CHCHD3,6.0,15.0,0.15384615384615385,-0.5725810688489523,11.9975257020773
CHD1,4.0,10.0,0.10256410256410256,-0.6658086469180357,13.6326559230154
CHKA,7.0,18.0,0.1794871794871795,-0.6564755543513865,5.07376967153798
CHMP1A,6.0,15.0,0.15384615384615385,-0.670253328902757,4.21371947208518
CHMP5,21.0,54.0,0.5384615384615384,-0.6973296834787523,0.683457534136601
CHMP7,28.0,72.0,0.717948717948718,-0.8552577191831764,0.0228995055836734
CHP1,2.0,5.0,0.05128205128205128,-0.713371389529943,12.0306938815342
CHRNG,3.0,8.0,0.07692307692307693,-0.5331474763227955,4.04687436603748
CHST4,2.0,5.0,0.05128205128205128,-0.535555428285565,12.0760519949081
CHTF18,6.0,15.0,0.15384615384615385,-0.6685512863449701,5.29367580327482
CHTF8,15.0,38.0,0.38461538461538464,-0.8868705262978391,4.48938311934748
CIAO2A,5.0,13.0,0.1282051282051282,-0.5493805369208516,9.00338299984381
CIP2A,2.0,5.0,0.05128205128205128,-1.0163806325046223,25.5067835569765
CIR1,3.0,8.0,0.07692307692307693,-0.5643766311451938,0.220938431008598
CKAP2,2.0,5.0,0.05128205128205128,-0.5139841200577155,13.2918603457964
CLCC1,6.0,15.0,0.15384615384615385,-0.5692635307014633,0.656611209310022
CLEC18B,2.0,5.0,0.05128205128205128,-0.5435653467775284,10.1520283898439
CLK2,6.0,15.0,0.15384615384615385,-0.6613170908672701,4.49697309013772
CLPB,3.0,8.0,0.07692307692307693,-0.5921099759000188,30.0333997781539
CLPX,2.0,5.0,0.05128205128205128,-0.9278369936190529,33.5778582047593
CMIP,10.0,26.0,0.2564102564102564,-0.6074736424117585,6.3625020558966
CNIH4,2.0,5.0,0.05128205128205128,-0.6797829380553728,7.30530325304981
CNOT11,2.0,5.0,0.05128205128205128,-0.52781180644963,1.76982821919804
CNOT7,6.0,15.0,0.15384615384615385,-0.6110745893180902,1.4236345908612
CNOT9,6.0,15.0,0.15384615384615385,-0.719930090171443,9.48292692710699
CNPY2,6.0,15.0,0.15384615384615385,-0.5672340097978944,7.41114556169986
CNTN1,3.0,8.0,0.07692307692307693,-0.6218055132112532,17.0842815064154
CNTNAP3,2.0,5.0,0.05128205128205128,-0.628486878159334,6.05566694018301
COA6,15.0,38.0,0.38461538461538464,-0.6870497938438994,2.5652623072344
COA7,10.0,26.0,0.2564102564102564,-0.7010659006592918,2.88081808579813
COG5,8.0,21.0,0.20512820512820512,-0.643650535028809,1.3054005171485
COG6,7.0,18.0,0.1794871794871795,-0.598525641645549,3.74423020599455
COG7,8.0,21.0,0.20512820512820512,-0.5821851411865662,1.28635365631688
COIL,4.0,10.0,0.10256410256410256,-0.5666618344576643,0.0072762819180454
COMMD8,2.0,5.0,0.05128205128205128,-0.565122322684988,7.87065228950636
COP1,23.0,59.0,0.5897435897435898,-0.7200689212301156,0.117761126840687
COQ2,10.0,26.0,0.2564102564102564,-0.6910101863440279,13.624020923429
COQ7,2.0,5.0,0.05128205128205128,-0.8032518433049765,10.8589345094235
CORO1C,2.0,5.0,0.05128205128205128,-0.715422347738128,15.5079632974805
COX14,3.0,8.0,0.07692307692307693,-0.5617563781604764,3.30529899016501
COX18,4.0,10.0,0.10256410256410256,-0.6470941439081089,2.09416623680003
COX19,2.0,5.0,0.05128205128205128,-0.7452126356713203,9.90203314039643
COX5A,16.0,41.0,0.41025641025641024,-0.6690937902136511,1.64994851352862
COX6C,13.0,33.0,0.3333333333333333,-0.5612701868805932,1.4193541029494
COX7C,16.0,41.0,0.41025641025641024,-0.6256405255402309,1.14789784991113
COX8A,6.0,15.0,0.15384615384615385,-0.5866755455231734,2.17521009322738
CPAMD8,4.0,10.0,0.10256410256410256,-0.6061776232442306,5.11336168701592
CRAMP1,2.0,5.0,0.05128205128205128,-0.5769275459263699,2.03171924197257
CRB3,2.0,5.0,0.05128205128205128,-0.6547609972509707,20.799692799355
CREBBP,3.0,8.0,0.07692307692307693,-0.8137234363457009,0.922535527266763
CRK,8.0,21.0,0.20512820512820512,-0.638019370605301,14.9093038894448
CRKL,34.0,87.0,0.8717948717948718,-1.2173939438163144,5.9644747224616
CRTC3,3.0,8.0,0.07692307692307693,-0.7074619999571721,16.3105232250607
CSDE1,18.0,46.0,0.46153846153846156,-0.6804242551960868,1.99642284604286
CSH2,10.0,26.0,0.2564102564102564,-0.572687479700308,0.615385852873629
CSK,3.0,8.0,0.07692307692307693,-0.6417272260228138,6.26264779002865
CSTF2,2.0,5.0,0.05128205128205128,-0.6023269354758491,7.98498422762496
CTBP2,5.0,13.0,0.1282051282051282,-0.6165578886128644,0.778084995979487
CTDNEP1,10.0,26.0,0.2564102564102564,-0.7100002460331657,0.221421804210524
CTDSPL2,7.0,18.0,0.1794871794871795,-0.6848165552468493,3.27709601072188
CTNNA1,10.0,26.0,0.2564102564102564,-0.7426365787629847,0.399965305237949
CTNNB1,8.0,21.0,0.20512820512820512,-1.0600088059393937,29.325185850658
CTNND1,5.0,13.0,0.1282051282051282,-0.6146106380433349,11.1739641067882
CTRB2,4.0,10.0,0.10256410256410256,-0.5637507629030623,1.11246869510441
CUL4B,2.0,5.0,0.05128205128205128,-0.7202872773092958,17.888295522189
CXXC1,5.0,13.0,0.1282051282051282,-0.655818041720691,3.59317302983108
CYB5B,16.0,41.0,0.41025641025641024,-0.7090261445065761,9.84890435456079
CYC1,14.0,36.0,0.358974358974359,-0.8093572907801767,1.53683702069001
CYCS,28.0,72.0,0.717948717948718,-0.8858222000559006,0.0244643608974542
DAXX,4.0,10.0,0.10256410256410256,-0.5873011397747092,4.16392202160382
DCAF15,4.0,10.0,0.10256410256410256,-0.7646271160691943,13.6791961282027
DCAKD,2.0,5.0,0.05128205128205128,-0.5317813057099199,1.98670691528969
DCP2,4.0,10.0,0.10256410256410256,-0.653205437506186,7.72454978233027
DDA1,9.0,23.0,0.23076923076923078,-0.5825307521097531,0.0072116839014029
DDI2,6.0,15.0,0.15384615384615385,-0.5814756249317435,2.2608962336455
DDX1,15.0,38.0,0.38461538461538464,-0.6104635629774742,0.136919193142724
DDX17,2.0,5.0,0.05128205128205128,-0.5338258149782585,0.0307746304434318
DDX19A,2.0,5.0,0.05128205128205128,-0.7342455928107325,9.20317934944353
DDX31,2.0,5.0,0.05128205128205128,-0.5280496980925523,0.0413206444602494
DEPDC1,2.0,5.0,0.05128205128205128,-0.6797773288172603,5.78454309912669
DERL1,2.0,5.0,0.05128205128205128,-0.5373315611798523,0.48921188767639
DERL2,3.0,8.0,0.07692307692307693,-0.6090921720139411,1.79411832350527
DET1,7.0,18.0,0.1794871794871795,-0.6618208561662362,1.52856555300988
DGKD,2.0,5.0,0.05128205128205128,-0.691377360542121,5.19341781311766
DHODH,8.0,21.0,0.20512820512820512,-0.7933139528621203,15.4567812972342
DHRS4,2.0,5.0,0.05128205128205128,-0.5983222614680039,4.74279300902581
DHX29,7.0,18.0,0.1794871794871795,-0.7705127488406401,4.24874715153118
DHX30,19.0,49.0,0.48717948717948717,-0.5948382279242134,1.8592416887621
DIAPH3,6.0,15.0,0.15384615384615385,-0.6066494277388081,10.9141317345553
DIPK1A,3.0,8.0,0.07692307692307693,-0.5080597456941905,3.59634531141296
DLG5,4.0,10.0,0.10256410256410256,-0.6327899045806199,2.03125602274356
DLGAP5,4.0,10.0,0.10256410256410256,-0.5367808742242095,0.512110608633172
DMAC1,4.0,10.0,0.10256410256410256,-0.588614025192048,7.0395746106645
DNAAF5,3.0,8.0,0.07692307692307693,-0.699671738771888,19.282164445253
DNAI3,3.0,8.0,0.07692307692307693,-0.5764680952784546,10.8635178397668
DNAI7,3.0,8.0,0.07692307692307693,-1.1800643511513569,54.0988658211385
DNAJA1,4.0,10.0,0.10256410256410256,-0.6889375594038349,10.7462955130932
DNAJB6,10.0,26.0,0.2564102564102564,-0.6571013404442089,5.04083291658699
DNAJC13,3.0,8.0,0.07692307692307693,-0.5277676397325719,7.17798373975419
DNAJC19,4.0,10.0,0.10256410256410256,-0.7774798076371949,26.3840655528183
DNAJC21,5.0,13.0,0.1282051282051282,-0.7046009939032283,12.1410143768324
DOCK5,10.0,26.0,0.2564102564102564,-0.600676215811244,14.6075476579686
DOCK7,2.0,5.0,0.05128205128205128,-0.6008676976714876,3.85455073792357
DOLPP1,4.0,10.0,0.10256410256410256,-0.6149417568539242,5.26127362937605
DOT1L,3.0,8.0,0.07692307692307693,-0.5354121539275521,0.114097600345968
DPF1,2.0,5.0,0.05128205128205128,-0.5480082512688164,7.05200702688295
DPF2,8.0,21.0,0.20512820512820512,-0.5803373140727988,12.8539997031529
DPH1,13.0,33.0,0.3333333333333333,-0.6092023506552143,0.0014023078058471
DPH2,10.0,26.0,0.2564102564102564,-0.5907213889190989,0.074210927747167
DPM2,7.0,18.0,0.1794871794871795,-0.8238362739251518,20.5985476456955
DPM3,5.0,13.0,0.1282051282051282,-0.6873050318671504,1.38176847808416
DRAP1,6.0,15.0,0.15384615384615385,-0.6192533859560871,5.48829689463217
DSCC1,6.0,15.0,0.15384615384615385,-0.7680455727682227,2.26302467390934
DUOXA2,2.0,5.0,0.05128205128205128,-0.5870386425921544,21.9086374025111
DUSP10,2.0,5.0,0.05128205128205128,-0.5844618151961578,20.3676118683664
DUSP22,2.0,5.0,0.05128205128205128,-0.5663889146628214,6.11527480308078
DUSP4,3.0,8.0,0.07692307692307693,-0.6243642202377118,23.6999916444034
DVL1,2.0,5.0,0.05128205128205128,-0.9931750457675683,25.5379336053852
DYNC1LI1,2.0,5.0,0.05128205128205128,-0.6030079694734851,5.91995862204821
DYNC1LI2,4.0,10.0,0.10256410256410256,-0.6668756570367946,6.56851442798733
DYNLL1,21.0,54.0,0.5384615384615384,-0.7237708313955322,0.317341758636029
DYNLT1,2.0,5.0,0.05128205128205128,-0.5640584249957385,3.01330785515282
DYNLT3,2.0,5.0,0.05128205128205128,-0.5715047618568951,7.47295185954646
E2F1,5.0,13.0,0.1282051282051282,-0.5444586571921893,8.26867561355882
E2F3,7.0,18.0,0.1794871794871795,-0.5899337450702605,2.31347811252597
EAF1,17.0,44.0,0.4358974358974359,-0.8286476049782676,6.40302152175916
ECSIT,6.0,15.0,0.15384615384615385,-0.5314299260608982,2.04748030085594
EED,5.0,13.0,0.1282051282051282,-0.7423066934503983,1.7614458877628
EEF1AKMT3,3.0,8.0,0.07692307692307693,-0.7108989504543857,9.82732622293139
EEF1E1,2.0,5.0,0.05128205128205128,-0.565539677898827,7.51246886066824
EGFR,25.0,64.0,0.6410256410256411,-0.8384859037747677,10.1488821560261
EGLN1,5.0,13.0,0.1282051282051282,-0.5869464194088565,25.4672729361157
EHBP1L1,2.0,5.0,0.05128205128205128,-0.6211539051993166,2.0899050359606
EHMT2,8.0,21.0,0.20512820512820512,-0.564428168947976,0.744099880799972
EIF2AK4,2.0,5.0,0.05128205128205128,-0.973371407764698,26.7183808293092
EIF3L,3.0,8.0,0.07692307692307693,-0.619809928841073,2.90797609145819
EIF4ENIF1,2.0,5.0,0.05128205128205128,-0.5296014492876522,1.7020136096466
EIPR1,6.0,15.0,0.15384615384615385,-0.6527400238082446,9.20388959100129
ELAVL1,7.0,18.0,0.1794871794871795,-0.6533739063792261,0.782715538098708
ELF3,2.0,5.0,0.05128205128205128,-0.8362089618102,28.062154258153
ELMO2,8.0,21.0,0.20512820512820512,-1.0987081581954055,27.6767733589695
ELOA,3.0,8.0,0.07692307692307693,-0.5230095343509029,0.410716129880086
EMC1,7.0,18.0,0.1794871794871795,-0.7201509679416048,4.23771064069066
EMC2,6.0,15.0,0.15384615384615385,-0.630352877873922,8.01834140754808
EMC6,4.0,10.0,0.10256410256410256,-0.619674909874006,2.45082486858024
EMC7,16.0,41.0,0.41025641025641024,-0.7020570784990545,0.0002304005996087
EPC1,13.0,33.0,0.3333333333333333,-0.7231544663424841,9.00418307084448
EPC2,8.0,21.0,0.20512820512820512,-0.5888007882604473,3.90172531616884e-05
EPG5,3.0,8.0,0.07692307692307693,-0.5029865659776742,17.5625393781271
EPS8L2,3.0,8.0,0.07692307692307693,-0.5772376209866097,12.1005802560638
EPS8L3,3.0,8.0,0.07692307692307693,-0.5373396280911255,0.117437820013798
ERBB2,9.0,23.0,0.23076923076923078,-0.8715547169309829,48.7665620409004
ERBB3,4.0,10.0,0.10256410256410256,-0.6551362646323682,18.1259780436656
ERCC6L,5.0,13.0,0.1282051282051282,-0.591991516733515,1.48991138875623
ERCC6L2,2.0,5.0,0.05128205128205128,-0.574486020403201,5.81276265075802
ESCO2,16.0,41.0,0.41025641025641024,-0.6007641922895144,3.93611359580669
ESRP2,2.0,5.0,0.05128205128205128,-0.7543837382584615,27.9958465962797
ESRRA,9.0,23.0,0.23076923076923078,-0.6012117716913761,11.666386797288
ETS1,2.0,5.0,0.05128205128205128,-0.6908531205952224,17.2795490138985
EXOC7,3.0,8.0,0.07692307692307693,-0.5544743618522066,2.02674262664245
EXT1,6.0,15.0,0.15384615384615385,-0.759070720791936,16.8513081068485
EXT2,5.0,13.0,0.1282051282051282,-0.6634074117914225,10.280873682396
EXTL3,4.0,10.0,0.10256410256410256,-0.6124710270792253,9.51122689312327
F11R,3.0,8.0,0.07692307692307693,-0.7366174392229687,7.42353471133616
FAAH,2.0,5.0,0.05128205128205128,-0.5437660800384226,0.290044689631898
FAAP20,3.0,8.0,0.07692307692307693,-0.5330564629280515,16.9875666367431
FADD,16.0,41.0,0.41025641025641024,-0.7073611523857924,10.3768191046917
FAF2,17.0,44.0,0.4358974358974359,-0.7389303732408141,6.02486406633476
FAM120A,5.0,13.0,0.1282051282051282,-0.5692226412248275,0.0232709949594483
FAM136A,11.0,28.0,0.28205128205128205,-0.5455677036105802,0.0006967838732592
FAM204A,9.0,23.0,0.23076923076923078,-0.6153918409173446,2.50275187838997
FAM229A,2.0,5.0,0.05128205128205128,-0.6234580253176103,16.1050149251507
FAM25A,2.0,5.0,0.05128205128205128,-0.5095031655544422,0.0046630040371198
FAM83H,4.0,10.0,0.10256410256410256,-0.5995660063537898,3.73245970282876
FAM91A1,2.0,5.0,0.05128205128205128,-0.6174570676882996,4.7088364733959
FANCA,2.0,5.0,0.05128205128205128,-0.5168911690474354,5.42636238197498
FANCF,2.0,5.0,0.05128205128205128,-0.6991167167450898,10.2737499190104
FANCI,3.0,8.0,0.07692307692307693,-0.6639700114296646,7.57466620207273
FARS2,18.0,46.0,0.46153846153846156,-0.6009469587716485,5.44466900684902
FASN,13.0,33.0,0.3333333333333333,-0.6555303391599007,7.45884119214499
FASTKD5,7.0,18.0,0.1794871794871795,-0.6135090828912704,3.81190750564912
FBXL12,3.0,8.0,0.07692307692307693,-0.7887376557096483,18.8329990576287
FBXL6,3.0,8.0,0.07692307692307693,-0.8011878031094816,32.801383536463
FBXO11,9.0,23.0,0.23076923076923078,-0.5923256909224704,1.82527693799283
FBXO42,2.0,5.0,0.05128205128205128,-0.6501715323427488,1.12153699501662
FCHO2,8.0,21.0,0.20512820512820512,-0.812961110338859,12.6595996133859
FDFT1,4.0,10.0,0.10256410256410256,-0.9793091975085193,40.7901849322347
FDX1,2.0,5.0,0.05128205128205128,-0.627318888272458,3.10530002003329
FECH,25.0,64.0,0.6410256410256411,-0.7063406050564003,5.2955400518022
FEM1A,2.0,5.0,0.05128205128205128,-0.5712075154504712,1.86197346453619
FERMT1,4.0,10.0,0.10256410256410256,-0.7144702762116976,31.2681355832043
FERMT2,13.0,33.0,0.3333333333333333,-0.8045672460507302,10.3395918226331
FGFR1OP2,2.0,5.0,0.05128205128205128,-0.5728179424936983,0.125668941927653
FIG4,5.0,13.0,0.1282051282051282,-0.5550599947547047,13.5905352233102
FIS1,6.0,15.0,0.15384615384615385,-0.90499185132847,9.1011707196908
FKBP1A,8.0,21.0,0.20512820512820512,-0.6023767646883118,9.33491947600721
FLII,13.0,33.0,0.3333333333333333,-0.7597646945654076,3.63130174381681
FLOT1,4.0,10.0,0.10256410256410256,-0.7068063632059539,27.2087549310335
FMNL2,2.0,5.0,0.05128205128205128,-0.5417407963970279,4.07180735801108
FOSL1,17.0,44.0,0.4358974358974359,-0.7348444866968876,2.90023849518857
FOSL2,5.0,13.0,0.1282051282051282,-0.6635374177763517,7.25202176341888
FOXA1,2.0,5.0,0.05128205128205128,-1.0457023186437937,25.2799934582469
FOXA2,2.0,5.0,0.05128205128205128,-0.7005936854595114,26.2683874548315
FOXC2,2.0,5.0,0.05128205128205128,-0.7201563331690992,23.7828186647861
FOXK1,6.0,15.0,0.15384615384615385,-0.7178725952094166,5.35258687548289
FOXM1,5.0,13.0,0.1282051282051282,-0.5598034747074596,0.126625038672547
FOXO3,4.0,10.0,0.10256410256410256,-0.5826534362507925,0.119500076239699
FOXRED1,4.0,10.0,0.10256410256410256,-0.6138737204373922,11.237876339713
FPGS,16.0,41.0,0.41025641025641024,-0.999508709507092,18.8094164067245
FRS2,2.0,5.0,0.05128205128205128,-0.523967444054827,6.64187352233532
FURIN,5.0,13.0,0.1282051282051282,-0.7652256603899308,1.63167818344678
FZR1,4.0,10.0,0.10256410256410256,-0.5517808284995744,1.72053898454121
G6PD,9.0,23.0,0.23076923076923078,-0.6503656683381605,12.7540066365203
GAB1,7.0,18.0,0.1794871794871795,-0.6640031729677576,22.1378076071035
GAB2,3.0,8.0,0.07692307692307693,-0.6806581570607354,11.4481168890979
GABRD,2.0,5.0,0.05128205128205128,-0.6976377687901958,20.4533901750521
GAK,26.0,67.0,0.6666666666666666,-0.724715088748867,0.184485970991807
GALE,2.0,5.0,0.05128205128205128,-0.5223060817284313,1.5554347342776
GALNT16,2.0,5.0,0.05128205128205128,-0.5754715876256468,19.6094713350471
GANAB,5.0,13.0,0.1282051282051282,-0.6549816455553964,4.36960289328198
GAREM1,3.0,8.0,0.07692307692307693,-0.5653044157123522,21.1585917896468
GAS2L2,2.0,5.0,0.05128205128205128,-0.5318488221627883,0.215129100309852
GATA3,4.0,10.0,0.10256410256410256,-0.6861061307465625,8.92151253085248
GATAD2A,4.0,10.0,0.10256410256410256,-0.7093471747022229,8.97949237188294
GATB,8.0,21.0,0.20512820512820512,-0.6273263174374265,0.0630683029766406
GCLC,2.0,5.0,0.05128205128205128,-0.6311784159476119,10.2672117584499
GCN1,8.0,21.0,0.20512820512820512,-0.6430377279049857,8.98884012745214
GCSH,7.0,18.0,0.1794871794871795,-0.6252513591525585,5.82427949649671
GDI2,3.0,8.0,0.07692307692307693,-0.5927130435280571,3.89635904519719
GFM2,5.0,13.0,0.1282051282051282,-0.5239929174508372,2.88144841806442
GGCX,2.0,5.0,0.05128205128205128,-0.5303965351014641,5.03610883467531
GGNBP2,15.0,38.0,0.38461538461538464,-0.6657289695490387,13.0278702876955
GJA3,2.0,5.0,0.05128205128205128,-0.5988882122561521,0.581509255624415
GLI1,2.0,5.0,0.05128205128205128,-0.5736984368860703,9.25052592343449
GLMN,19.0,49.0,0.48717948717948717,-0.6527986194834705,4.7069774284577
GLS,7.0,18.0,0.1794871794871795,-0.791414324873295,8.92671957941718
GLTP,2.0,5.0,0.05128205128205128,-0.5537623409791499,12.8585184330468
GNB1,5.0,13.0,0.1282051282051282,-0.6226812474517698,1.75215527745119
GNPNAT1,7.0,18.0,0.1794871794871795,-0.5730416183830915,3.06814140941046
GOLGA2,2.0,5.0,0.05128205128205128,-0.5618161423301415,1.91416348367427
GOLGA6B,7.0,18.0,0.1794871794871795,-0.5497589062408308,17.3912175222627
GOLGA6L6,15.0,38.0,0.38461538461538464,-0.5691730121736193,1.2587170869342
GOLGA7,2.0,5.0,0.05128205128205128,-0.6467298658982968,5.77219540501565
GOLT1B,9.0,23.0,0.23076923076923078,-0.5853995188759656,1.61739663677106
GORASP2,3.0,8.0,0.07692307692307693,-0.5437412515310166,9.82274336864094
GOT2,2.0,5.0,0.05128205128205128,-0.5782461212239625,4.37522501723836
GPAT2,5.0,13.0,0.1282051282051282,-0.5600278176798712,0.448448878806026
GPATCH2,2.0,5.0,0.05128205128205128,-0.5556070290975463,12.4340648711412
GPI,10.0,26.0,0.2564102564102564,-0.79343841195948,10.8758602524296
GPX4,13.0,33.0,0.3333333333333333,-0.6704844480867119,1.51703353815171
GRHL2,11.0,28.0,0.28205128205128205,-0.6238982284478967,17.2842902693269
GRK2,8.0,21.0,0.20512820512820512,-0.7261299341504,15.7484728812348
GRSF1,7.0,18.0,0.1794871794871795,-0.6242450054708325,4.62773851864353
GTPBP10,2.0,5.0,0.05128205128205128,-0.6838702516184705,14.3618910396195
GZMH,2.0,5.0,0.05128205128205128,-0.6239084237887047,5.86254436060693
H1-2,6.0,15.0,0.15384615384615385,-0.6333714267260777,12.7362123959376
H1-4,2.0,5.0,0.05128205128205128,-0.5811523528392677,10.7851183574289
H2AC11,2.0,5.0,0.05128205128205128,-0.5588524305172027,0.687418113115662
H2AC25,2.0,5.0,0.05128205128205128,-0.6385015935741201,5.80601241003156
H2AC8,3.0,8.0,0.07692307692307693,-0.6952492324700683,7.87283768718682
H2AJ,3.0,8.0,0.07692307692307693,-0.7285156900307155,10.4615952994501
H2AX,18.0,46.0,0.46153846153846156,-0.6156578474316531,0.0647468576392729
H2BC18,2.0,5.0,0.05128205128205128,-0.6623166442953241,3.29001473294561
H2BC26,4.0,10.0,0.10256410256410256,-0.5373825326956956,0.608396135438863
H2BC3,15.0,38.0,0.38461538461538464,-0.6645168965816056,0.762943209748809
H3-3B,3.0,8.0,0.07692307692307693,-0.5604908174817801,5.16127264979201
H3C4,4.0,10.0,0.10256410256410256,-0.5671526888141594,10.0195553871515
H3C8,10.0,26.0,0.2564102564102564,-0.5631519419502982,-5.57645946699381e-05
H4C1,4.0,10.0,0.10256410256410256,-0.549980922717966,5.96004167719329
H4C16,2.0,5.0,0.05128205128205128,-0.8122593598275067,28.2926830685118
H4C3,2.0,5.0,0.05128205128205128,-0.5762332273009922,11.1566142645712
HAMP,2.0,5.0,0.05128205128205128,-0.5788841140182543,0.397222172799133
HAO2,3.0,8.0,0.07692307692307693,-0.515005195523524,0.168790031847657
HAPLN2,9.0,23.0,0.23076923076923078,-0.5959084041561615,5.11967352964499
HAPSTR1,13.0,33.0,0.3333333333333333,-0.8368695358391358,9.76419437095939
HDAC7,2.0,5.0,0.05128205128205128,-0.6485219680279295,4.74619021634736
HEATR3,8.0,21.0,0.20512820512820512,-0.6751462141163316,1.92611172487184
HEATR5B,2.0,5.0,0.05128205128205128,-0.5567319482597095,3.86932488206197
HEATR6,4.0,10.0,0.10256410256410256,-0.7496323637563946,15.4770966550928
HECTD1,8.0,21.0,0.20512820512820512,-0.5955722942441224,0.946708072634664
HENMT1,6.0,15.0,0.15384615384615385,-0.5838908347650431,5.59763896274755
HES2,2.0,5.0,0.05128205128205128,-0.5353021709072546,12.5062905938358
HES3,2.0,5.0,0.05128205128205128,-0.7353101850556318,11.1804054548931
HES6,2.0,5.0,0.05128205128205128,-0.569677231835727,3.11496058200964
HEXIM1,4.0,10.0,0.10256410256410256,-0.6072463098158581,5.99845321336955
HIGD2A,4.0,10.0,0.10256410256410256,-0.5629805467090472,1.56233626861525
HMCES,2.0,5.0,0.05128205128205128,-0.7171065438687338,24.9832289280328
HMGB1,20.0,51.0,0.5128205128205128,-0.898270392585282,2.13797022965423e-05
HNF1A,2.0,5.0,0.05128205128205128,-0.7034090823600903,16.5747577762627
HNF1B,18.0,46.0,0.46153846153846156,-0.947941592229611,18.3029666656987
HNRNPA0,6.0,15.0,0.15384615384615385,-0.6320711435269748,13.807759118109
HNRNPA1,13.0,33.0,0.3333333333333333,-0.6334430020916304,6.08906340290638
HNRNPA1L2,7.0,18.0,0.1794871794871795,-0.560601846802126,3.47380331693706
HNRNPD,2.0,5.0,0.05128205128205128,-0.5986046904973744,0.527329475542395
HNRNPR,8.0,21.0,0.20512820512820512,-0.552367926652297,15.3038016368427
HOXB9,2.0,5.0,0.05128205128205128,-0.6388306186215363,13.2135280853284
HOXC10,2.0,5.0,0.05128205128205128,-0.5812267420477506,11.0043820285399
HOXC4,2.0,5.0,0.05128205128205128,-0.5146442552700207,0.767209193718223
HOXD13,3.0,8.0,0.07692307692307693,-0.5789922852641689,2.207576503347
HROB,2.0,5.0,0.05128205128205128,-0.5821856494476199,15.9814241686279
HS6ST1,9.0,23.0,0.23076923076923078,-0.5965059004211578,7.43080616508024
HSBP1,3.0,8.0,0.07692307692307693,-0.5902928484145089,15.3277754006115
HSD17B12,5.0,13.0,0.1282051282051282,-0.5986755831174627,8.93544307774239
HSD17B4,2.0,5.0,0.05128205128205128,-0.6563771745941676,13.3573463115873
HSD3B1,2.0,5.0,0.05128205128205128,-0.6306720471107148,11.0252960872195
HSF1,11.0,28.0,0.28205128205128205,-0.6069528493373622,10.09217652868
HSP90AA1,3.0,8.0,0.07692307692307693,-0.5369394684030983,1.17584513715398
HSPA13,7.0,18.0,0.1794871794871795,-0.7335431209333597,7.24163632188606
HTT,7.0,18.0,0.1794871794871795,-0.629820801568399,6.76043167624539
IBA57,4.0,10.0,0.10256410256410256,-0.7968945956657351,7.18595879114208
ICE2,21.0,54.0,0.5384615384615384,-0.7467973394405241,3.93731774845858
ICMT,9.0,23.0,0.23076923076923078,-0.7144520188062264,5.52448277768627
IDH3A,16.0,41.0,0.41025641025641024,-0.7536962355571496,23.833419082862
IER3IP1,2.0,5.0,0.05128205128205128,-0.7890872401450829,14.3572250343906
IFITM2,2.0,5.0,0.05128205128205128,-0.5579704638856884,2.21376880442081
IGF1R,8.0,21.0,0.20512820512820512,-0.6815699711480145,9.69819566355259
IGHMBP2,2.0,5.0,0.05128205128205128,-0.5374592563874513,1.95301586071287
IL36G,2.0,5.0,0.05128205128205128,-0.5316442383651068,3.51798623076729
IL9R,3.0,8.0,0.07692307692307693,-0.5933595704836784,20.1625611714934
ILK,24.0,62.0,0.6153846153846154,-0.7577295107444796,-1.34929287298746e-06
INHBE,3.0,8.0,0.07692307692307693,-0.5548818503117954,6.34085109410601
IPO5,6.0,15.0,0.15384615384615385,-0.6500044969870987,10.0505573744028
IPPK,14.0,36.0,0.358974358974359,-0.8048528481742805,18.3194228938254
IQGAP1,2.0,5.0,0.05128205128205128,-0.619291472333326,2.10482834102683
IQGAP3,2.0,5.0,0.05128205128205128,-0.5809979084542769,6.54758287947323
IREB2,7.0,18.0,0.1794871794871795,-0.6217787650947275,8.85510674196001
IRF2BP2,6.0,15.0,0.15384615384615385,-0.6370482723063803,1.43371896064459
IRF2BPL,2.0,5.0,0.05128205128205128,-0.6394844366947764,14.6523772062858
IRS2,5.0,13.0,0.1282051282051282,-0.6300900339596236,4.64202015618899
ISCA1,16.0,41.0,0.41025641025641024,-0.6641397896840019,4.47638567232073
ISG15,2.0,5.0,0.05128205128205128,-0.6973692861729088,26.6210826002592
IST1,12.0,31.0,0.3076923076923077,-0.6044466233450907,2.64921843174043
ITGA3,10.0,26.0,0.2564102564102564,-0.6801611351658189,13.6962475775032
ITGA4,2.0,5.0,0.05128205128205128,-0.5444553700585635,6.14389355932037
ITGAV,12.0,31.0,0.3076923076923077,-0.9342400943460716,14.9550860105253
ITGB1,20.0,51.0,0.5128205128205128,-0.8474158709200023,0.766239410694674
ITGB5,11.0,28.0,0.28205128205128205,-0.9547684028165891,29.7187478545828
ITPK1,2.0,5.0,0.05128205128205128,-0.8393729943667982,10.1023291434625
JHY,2.0,5.0,0.05128205128205128,-0.5057663492490855,0.292263180276326
JMJD6,15.0,38.0,0.38461538461538464,-0.6809913481448198,2.37076149187803
JUN,7.0,18.0,0.1794871794871795,-0.6809990041550856,8.93606396801744
JUNB,9.0,23.0,0.23076923076923078,-0.5996221253856551,1.24051865301835
JUP,2.0,5.0,0.05128205128205128,-0.6624972595433432,10.7667594424707
KAT14,2.0,5.0,0.05128205128205128,-0.5892883541953797,1.90352215110124
KAT2A,8.0,21.0,0.20512820512820512,-0.5794618233225504,1.36242370660158
KATNB1,18.0,46.0,0.46153846153846156,-0.68007379478801,0.338767610913981
KCNC4,3.0,8.0,0.07692307692307693,-0.538979727824916,2.59143815448269
KCND3,2.0,5.0,0.05128205128205128,-0.6088488550879407,3.91931340029403
KCNJ9,2.0,5.0,0.05128205128205128,-0.7481658809421332,17.060138733032
KDM1A,3.0,8.0,0.07692307692307693,-0.5959473732240789,2.32097602815781
KDM5C,3.0,8.0,0.07692307692307693,-0.6013318085140417,1.80769782108803
KDSR,3.0,8.0,0.07692307692307693,-0.5940276678859094,13.3348247442986
KHSRP,8.0,21.0,0.20512820512820512,-0.820326518548057,24.7594907698159
KIAA1143,2.0,5.0,0.05128205128205128,-0.5156096383899602,0.827416030188289
KIAA2013,2.0,5.0,0.05128205128205128,-0.5830665042838513,5.50019995981005
KIDINS220,2.0,5.0,0.05128205128205128,-0.7608941649334,21.6694868215518
KIF15,3.0,8.0,0.07692307692307693,-0.5549601891673912,3.62242278400316
KIF18B,9.0,23.0,0.23076923076923078,-0.9519283832431508,31.6974121078142
KIF20B,5.0,13.0,0.1282051282051282,-0.568987464055373,1.45848876973245
KIF2A,3.0,8.0,0.07692307692307693,-0.5839778263535602,11.8511105095968
KIF2C,7.0,18.0,0.1794871794871795,-0.6753835207818092,5.62436546546303
KIFBP,3.0,8.0,0.07692307692307693,-0.6420457570405809,3.20254955106655
KLC2,7.0,18.0,0.1794871794871795,-0.5908700005914769,2.12218977987068
KLF10,2.0,5.0,0.05128205128205128,-0.6009224474098019,4.27144717183201
KLF2,2.0,5.0,0.05128205128205128,-0.5693251021200387,14.2157167364373
KLF5,18.0,46.0,0.46153846153846156,-0.7933921125614036,2.31579151509099
KMT2B,2.0,5.0,0.05128205128205128,-0.609494838797217,7.38960658814258
KMT2D,7.0,18.0,0.1794871794871795,-0.7963588762245934,6.63945840746688
KMT5B,11.0,28.0,0.28205128205128205,-0.6184684757342835,0.003579919643732
KNTC1,10.0,26.0,0.2564102564102564,-0.5927788352456445,0.771823189925777
KPNA2,10.0,26.0,0.2564102564102564,-0.6129971959615885,12.1180009765165
KPNA6,3.0,8.0,0.07692307692307693,-0.5595346820325052,0.0304028278949033
KRAS,29.0,74.0,0.7435897435897436,-1.0695814694603103,18.5677966529422
KRBOX5,5.0,13.0,0.1282051282051282,-0.5234850091987188,0.074403022722942
KRT6A,3.0,8.0,0.07692307692307693,-0.5453312993665652,4.07639855218957
KRTAP4-3,4.0,10.0,0.10256410256410256,-0.6625745608411848,2.17064887315292
KRTAP4-8,3.0,8.0,0.07692307692307693,-0.5196309580240106,0.107071658109867
KRTAP5-11,3.0,8.0,0.07692307692307693,-0.6072827482354046,12.3349169444848
KRTCAP2,3.0,8.0,0.07692307692307693,-0.5952363368641413,0.88944908092094
LAMTOR3,24.0,62.0,0.6153846153846154,-0.6752352858403308,2.97575159321005
LAMTOR4,10.0,26.0,0.2564102564102564,-0.6827019233467038,10.3136326373122
LARP4B,2.0,5.0,0.05128205128205128,-0.681555745525133,16.4357213957658
LCN6,3.0,8.0,0.07692307692307693,-0.5115091776749178,9.47161339703779
LDB1,2.0,5.0,0.05128205128205128,-0.6508876130973659,6.31769767552279
LDHA,12.0,31.0,0.3076923076923077,-0.6637341831753603,16.6051098135717
LEMD3,2.0,5.0,0.05128205128205128,-0.5147336381438101,0.550401506902489
LGALS9B,9.0,23.0,0.23076923076923078,-0.5392606781164916,0.654709077774442
LIG1,2.0,5.0,0.05128205128205128,-0.7303070100987994,12.146627257209
LIPT1,3.0,8.0,0.07692307692307693,-0.6154436275289006,6.0265775817568
LLPH,5.0,13.0,0.1282051282051282,-0.5708406121105475,4.27678557335545
LMNA,5.0,13.0,0.1282051282051282,-0.6913300740078444,12.3882949182663
LMNTD1,2.0,5.0,0.05128205128205128,-1.0122378940368157,70.1679835673678
LMTK2,3.0,8.0,0.07692307692307693,-0.5871747724827779,9.12773138491833
LPA,3.0,8.0,0.07692307692307693,-0.5929269623006395,3.74900311522849
LRRC37A2,18.0,46.0,0.46153846153846156,-0.674699835458777,1.27595197400504
LRRC37A3,7.0,18.0,0.1794871794871795,-0.5621678589704993,7.15824062923473
LRRC37B,8.0,21.0,0.20512820512820512,-0.619891803489423,3.43373688763766
LRRC73,2.0,5.0,0.05128205128205128,-0.6291907000791546,18.8064561361633
LSM12,15.0,38.0,0.38461538461538464,-0.6755598144448158,0.218151897281246
LSM14A,2.0,5.0,0.05128205128205128,-0.617301685324224,4.64212778446522
LST1,4.0,10.0,0.10256410256410256,-0.5314886877203808,2.41308309544556
LTB4R,5.0,13.0,0.1282051282051282,-0.7532380462517954,17.105868143408
LUC7L2,5.0,13.0,0.1282051282051282,-0.7526972144762464,4.09859199724592
MAD1L1,2.0,5.0,0.05128205128205128,-0.5413078850102706,2.31096624576326
MAIP1,2.0,5.0,0.05128205128205128,-0.5435527081141345,17.053037482419
MANF,4.0,10.0,0.10256410256410256,-0.6076912780003274,3.90419515601308
MAP2K1,3.0,8.0,0.07692307692307693,-1.0084491666820952,24.4329119957167
MAP2K2,2.0,5.0,0.05128205128205128,-0.5926735423326559,18.5911031068717
MAP2K7,2.0,5.0,0.05128205128205128,-0.8114692888194708,8.55244871222256
MAP3K11,5.0,13.0,0.1282051282051282,-0.621782753619167,11.5202161468636
MAP3K7,7.0,18.0,0.1794871794871795,-0.6312106091305257,9.72647219667788
MAPK1,5.0,13.0,0.1282051282051282,-1.1081279774391732,25.0491089184021
MAPK14,2.0,5.0,0.05128205128205128,-0.5955695653359472,1.36198367770262
MAPRE1,2.0,5.0,0.05128205128205128,-0.5726446421056148,6.64896847134981
MARCHF5,10.0,26.0,0.2564102564102564,-0.653072789665017,11.1344581444015
MARCHF6,2.0,5.0,0.05128205128205128,-0.5504824149139462,6.03488807123187
MARCHF9,6.0,15.0,0.15384615384615385,-0.6654345585615651,7.76112982377369
MARK2,17.0,44.0,0.4358974358974359,-0.7660562915569529,7.2746547768878
MARK3,2.0,5.0,0.05128205128205128,-0.7480973355024629,14.8324319133127
MAST1,2.0,5.0,0.05128205128205128,-0.5596331313195696,8.01196091796478
MBTD1,10.0,26.0,0.2564102564102564,-0.5851171420760719,20.3746787301297
MBTPS1,27.0,69.0,0.6923076923076923,-0.9487603246404964,7.2230689722696
MBTPS2,26.0,67.0,0.6666666666666666,-0.8795704096806943,2.35474549817586
MCL1,11.0,28.0,0.28205128205128205,-0.7172215638673969,17.6770138010811
MDM2,8.0,21.0,0.20512820512820512,-1.0472557138256375,66.8158386528927
MDM4,4.0,10.0,0.10256410256410256,-0.6339756876171664,17.7427561594425
MECR,3.0,8.0,0.07692307692307693,-0.6544302464981174,9.35528637117631
MED15,2.0,5.0,0.05128205128205128,-0.637314367759271,1.67594473754139
MED16,5.0,13.0,0.1282051282051282,-0.5683621102187316,0.367301532668999
MED23,17.0,44.0,0.4358974358974359,-0.6531525996238183,4.00518887508953
MED24,20.0,51.0,0.5128205128205128,-0.757612813591584,2.47400811225248
MED25,8.0,21.0,0.20512820512820512,-0.7107805935839542,3.52802240305277
MEIOC,2.0,5.0,0.05128205128205128,-0.6004919719049129,1.77318214818568
MEMO1,8.0,21.0,0.20512820512820512,-0.5978465407557936,2.61843453269247
MEN1,8.0,21.0,0.20512820512820512,-0.6126084896718469,0.0021181203697651
MESD,7.0,18.0,0.1794871794871795,-0.6295948004865244,1.4440219758011
MEX3A,2.0,5.0,0.05128205128205128,-0.6809754043040455,0.717430107368426
MFSD1,2.0,5.0,0.05128205128205128,-0.5231751647635416,5.13708688850266
MGA,3.0,8.0,0.07692307692307693,-0.5489794315277237,7.88986632437003
MGAT1,6.0,15.0,0.15384615384615385,-0.697723723266877,0.872830372016817
MGAT2,2.0,5.0,0.05128205128205128,-0.5573069228824761,10.1364163553255
MIB1,8.0,21.0,0.20512820512820512,-0.7542115018341664,9.91354468339993
MICOS10,7.0,18.0,0.1794871794871795,-0.671738474117267,13.1719907313357
MICOS13,5.0,13.0,0.1282051282051282,-0.5864408154627714,6.30512064420446
MINDY2,3.0,8.0,0.07692307692307693,-0.5316016029328489,2.38207210892708
MIOS,21.0,54.0,0.5384615384615384,-0.6894366514544483,0.0327705288216738
MKI67,4.0,10.0,0.10256410256410256,-0.628687155781972,19.7690895055131
MMADHC,2.0,5.0,0.05128205128205128,-0.6401188325027719,14.9095613847977
MON2,4.0,10.0,0.10256410256410256,-0.5298372398869593,1.33498089358996
MORC2,4.0,10.0,0.10256410256410256,-0.5607396429494055,8.97957043552493
MPHOSPH6,2.0,5.0,0.05128205128205128,-0.6190273256178446,6.65094259855228
MPI,3.0,8.0,0.07692307692307693,-0.5669594474369124,11.9486284576524
MPRIP,10.0,26.0,0.2564102564102564,-0.6333557955137303,1.42288748493073
MRE11,24.0,62.0,0.6153846153846154,-0.7097578015202805,1.05460924485521
MRM2,4.0,10.0,0.10256410256410256,-0.570894778388324,4.51379708419093
MRM3,3.0,8.0,0.07692307692307693,-0.6800071559617905,21.4337874064184
MRPL13,4.0,10.0,0.10256410256410256,-0.5013715022810844,8.78685528002513
MRPL14,9.0,23.0,0.23076923076923078,-0.676952936635171,6.95819352662168
MRPL15,10.0,26.0,0.2564102564102564,-0.7740031923415236,6.77072034142035
MRPL23,7.0,18.0,0.1794871794871795,-0.6172565632110166,3.71486876205918
MRPL28,9.0,23.0,0.23076923076923078,-0.6570021435049562,8.79607866624739
MRPL30,2.0,5.0,0.05128205128205128,-0.5433394377894403,0.750339227795685
MRPL43,13.0,33.0,0.3333333333333333,-0.6411880310453103,3.51858056891348
MRPL46,2.0,5.0,0.05128205128205128,-0.6640562147704735,1.78659109223553
MRPL54,6.0,15.0,0.15384615384615385,-0.6845307172482031,8.20746599811943
MRPL55,11.0,28.0,0.28205128205128205,-0.6417958794497041,0.195925559533052
MRPL58,4.0,10.0,0.10256410256410256,-0.6449831110489173,12.5470140666723
MRPS11,16.0,41.0,0.41025641025641024,-0.8323548710928506,3.15315305138196
MRPS16,18.0,46.0,0.46153846153846156,-0.6266072006412308,1.29556702396246
MRPS17,7.0,18.0,0.1794871794871795,-0.6251748131248464,2.76981596656243
MRPS2,11.0,28.0,0.28205128205128205,-0.6533971409279254,3.38846081212265
MRPS26,15.0,38.0,0.38461538461538464,-0.5899722327401362,7.03272086314021
MRPS34,14.0,36.0,0.358974358974359,-0.7454113911806595,2.19992273411211
MSI2,4.0,10.0,0.10256410256410256,-0.5813622561548746,6.03607428517368
MSL1,5.0,13.0,0.1282051282051282,-0.5603076086805439,4.45062343781824
MSMO1,3.0,8.0,0.07692307692307693,-0.729390599225561,13.3614382577554
MT2A,12.0,31.0,0.3076923076923077,-0.6469361975447216,3.39052238328404
MTA2,4.0,10.0,0.10256410256410256,-0.5734227051118542,0.0992072075172032
MTCH2,6.0,15.0,0.15384615384615385,-0.616736260728411,9.44965927037208
MTERF3,4.0,10.0,0.10256410256410256,-0.6269915699806587,4.36211871748807
MTG2,13.0,33.0,0.3333333333333333,-0.6344581694509085,3.47605258391014
MTIF3,2.0,5.0,0.05128205128205128,-0.7286155745613545,18.9685534212194
MTMR6,2.0,5.0,0.05128205128205128,-0.701146619198546,10.2381608331895
MTO1,3.0,8.0,0.07692307692307693,-0.532165685126451,1.8281841681262
MTR,7.0,18.0,0.1794871794871795,-0.6572004708146741,14.208485992423
MTRR,2.0,5.0,0.05128205128205128,-0.6600542171344255,10.405523042468
MTX2,3.0,8.0,0.07692307692307693,-0.7779538617190156,34.5262300010618
MUC20,4.0,10.0,0.10256410256410256,-0.606767295423116,6.67572720625566
MVK,34.0,87.0,0.8717948717948718,-0.7419715715999154,5.90239724709192
MXRA7,2.0,5.0,0.05128205128205128,-0.6924326641513839,1.15835859884546
MYG1,3.0,8.0,0.07692307692307693,-0.6538208835164738,22.3103172290247
MYH9,30.0,77.0,0.7692307692307693,-1.0208032904958695,0.335328188353977
MYL6,6.0,15.0,0.15384615384615385,-0.6443901542018247,0.459840576275035
MYO15A,4.0,10.0,0.10256410256410256,-0.5252762216743294,1.7210694277122
MYO9B,3.0,8.0,0.07692307692307693,-0.658195988019566,2.45128034003118
MZF1,2.0,5.0,0.05128205128205128,-0.6461221672685232,9.05605004842954
NAA35,23.0,59.0,0.5897435897435898,-0.6486749965569494,0.32572428762084
NAA38,2.0,5.0,0.05128205128205128,-0.559271569794387,16.1004908336908
NAMPT,17.0,44.0,0.4358974358974359,-0.7691738334674469,11.0025121403743
NAPRT,2.0,5.0,0.05128205128205128,-0.513090031960458,14.8791656166185
NAV1,2.0,5.0,0.05128205128205128,-0.5862654223503351,4.88396013559426
NBN,2.0,5.0,0.05128205128205128,-0.5909551903578574,3.71689244476334
NCDN,2.0,5.0,0.05128205128205128,-0.5696225481846782,5.76057735017196
NCKAP1,22.0,56.0,0.5641025641025641,-0.8255733220006514,8.86588238203107
NCOA4,14.0,36.0,0.358974358974359,-0.5892878314446997,3.81781614855717
NCOA5,7.0,18.0,0.1794871794871795,-0.5607440769830137,0.0747692070852146
NCOA6,4.0,10.0,0.10256410256410256,-0.6024400354249932,2.7525865356804
NDC1,17.0,44.0,0.4358974358974359,-0.7024058814700329,8.00454121595794
NDE1,11.0,28.0,0.28205128205128205,-0.6957723745387885,6.48782372244387
NDUFA1,8.0,21.0,0.20512820512820512,-0.6785930255731067,1.56072108698056
NDUFA10,9.0,23.0,0.23076923076923078,-0.5945433216628817,2.95572542903831
NDUFA4,5.0,13.0,0.1282051282051282,-0.5524320953764631,0.198688654553706
NDUFA5,9.0,23.0,0.23076923076923078,-0.5601970000980908,0.0738959172853164
NDUFA6,15.0,38.0,0.38461538461538464,-0.7861983297829707,4.89356497030205
NDUFAF1,10.0,26.0,0.2564102564102564,-0.7190128663127197,5.432539670751
NDUFAF3,18.0,46.0,0.46153846153846156,-0.6595234346262902,1.22693447256612
NDUFAF4,6.0,15.0,0.15384615384615385,-0.7264087221307707,0.265378178798642
NDUFAF5,7.0,18.0,0.1794871794871795,-0.595792442976016,4.87081085739306
NDUFAF6,3.0,8.0,0.07692307692307693,-0.5655345361415834,2.66160006355421
NDUFAF7,7.0,18.0,0.1794871794871795,-0.641649975917641,2.14099113268168
NDUFAF8,16.0,41.0,0.41025641025641024,-0.6873898387254366,5.86952514897815
NDUFB11,10.0,26.0,0.2564102564102564,-0.6103966177454199,4.16293232737243
NDUFB2,6.0,15.0,0.15384615384615385,-0.7593909088579827,1.19562043255561
NDUFB5,3.0,8.0,0.07692307692307693,-0.6445825782398037,1.50028218516384
NDUFB6,11.0,28.0,0.28205128205128205,-0.7038859086982506,8.13546402574782
NDUFB7,15.0,38.0,0.38461538461538464,-0.7301954584658328,7.40467332551785
NDUFC1,7.0,18.0,0.1794871794871795,-0.6561785993639051,1.73329591940058
NDUFC2,14.0,36.0,0.358974358974359,-0.6802232093094106,2.14791935541514
NDUFS1,19.0,49.0,0.48717948717948717,-0.7445798710061708,9.01899458766592
NDUFS2,13.0,33.0,0.3333333333333333,-0.6677397088353835,2.27028819761888
NDUFS3,6.0,15.0,0.15384615384615385,-0.6637292683300482,11.8129909343512
NDUFS5,23.0,59.0,0.5897435897435898,-0.7467743519246464,4.3946605347572
NDUFS7,5.0,13.0,0.1282051282051282,-0.7243130422708396,7.08793017094156
NDUFS8,12.0,31.0,0.3076923076923077,-0.6280418479209269,2.3534747992175
NDUFV1,4.0,10.0,0.10256410256410256,-0.5698622081726478,0.0064040264591938
NDUFV2,8.0,21.0,0.20512820512820512,-0.80824586562305,5.51413499535842
NEK1,2.0,5.0,0.05128205128205128,-0.6889267634170866,10.9458198069257
NEMF,5.0,13.0,0.1282051282051282,-0.5427802555713707,8.21762698860853
NF2,5.0,13.0,0.1282051282051282,-0.5884040237199847,0.610895776573919
NFAT5,2.0,5.0,0.05128205128205128,-0.68935782023461,20.9997531163664
NFATC2IP,6.0,15.0,0.15384615384615385,-0.5761600537922991,6.55444082482776
NFE2L1,2.0,5.0,0.05128205128205128,-0.6604554897920732,20.663514355273
NFE2L2,10.0,26.0,0.2564102564102564,-0.7493598450554669,20.8190198684823
NFKBIE,4.0,10.0,0.10256410256410256,-0.7222459697892024,4.88887854723288
NFRKB,10.0,26.0,0.2564102564102564,-0.6595494414525265,1.24536884984255
NFYA,3.0,8.0,0.07692307692307693,-0.6264922114784908,0.7888925512922
NGLY1,4.0,10.0,0.10256410256410256,-0.7970727984979122,10.1836279271949
NIBAN2,2.0,5.0,0.05128205128205128,-0.648056917448955,1.6775852964684
NISCH,3.0,8.0,0.07692307692307693,-0.597461566458527,1.41643180974086
NME6,6.0,15.0,0.15384615384615385,-0.5458072226132611,4.84420954594409
NMNAT1,8.0,21.0,0.20512820512820512,-0.784136979695802,28.3229422249333
NOA1,4.0,10.0,0.10256410256410256,-0.5664978336386395,6.35525166770926
NPB,2.0,5.0,0.05128205128205128,-0.6182400521014992,0.811022421534169
NPEPPS,18.0,46.0,0.46153846153846156,-0.7462041798014039,4.31077281872379
NR2C2AP,10.0,26.0,0.2564102564102564,-0.6323184865429333,0.596667094950133
NRBF2,4.0,10.0,0.10256410256410256,-0.5835606649631657,1.969344236453
NRDC,6.0,15.0,0.15384615384615385,-0.6717194988448247,17.1066397091894
NSD1,3.0,8.0,0.07692307692307693,-0.695397445036455,3.35244282253592
NSMCE2,19.0,49.0,0.48717948717948717,-0.6788946742660781,0.075122587637029
NSUN5,2.0,5.0,0.05128205128205128,-0.552734553366968,0.804548642995307
NUDT17,2.0,5.0,0.05128205128205128,-0.5408637603450519,10.4979358083978
NUMB,2.0,5.0,0.05128205128205128,-0.5955867498440026,6.10644893473717
NUP188,7.0,18.0,0.1794871794871795,-0.6641183939254199,12.6490223939013
NUP35,16.0,41.0,0.41025641025641024,-0.6385728086169445,1.34873492946583
NUP37,4.0,10.0,0.10256410256410256,-0.5904917528150428,9.85540395796315
NUP50,19.0,49.0,0.48717948717948717,-0.6685031011471673,1.72887858970869
NXT1,17.0,44.0,0.4358974358974359,-0.8558236638628124,17.7656503976325
ODAD1,2.0,5.0,0.05128205128205128,-0.5028944390080399,1.79369691374569
ODF1,5.0,13.0,0.1282051282051282,-0.5495098306922052,0.0038415758824044
ODR4,8.0,21.0,0.20512820512820512,-0.6216597144808256,1.92194163258118
OLFML3,8.0,21.0,0.20512820512820512,-0.5196396773377894,0.418643640315011
OR10C1,3.0,8.0,0.07692307692307693,-0.693877709313999,1.10005725288122
OR1D5,2.0,5.0,0.05128205128205128,-0.6867544780075937,4.17850537052302
OR4A47,8.0,21.0,0.20512820512820512,-0.653740717208264,4.46850077492751
OR4C46,17.0,44.0,0.4358974358974359,-0.6691684974940321,0.471287380347583
OR4D2,2.0,5.0,0.05128205128205128,-0.5354156447986747,7.94164969759409
OR4K1,7.0,18.0,0.1794871794871795,-0.6173092338766222,3.97549822782951
OR4N2,11.0,28.0,0.28205128205128205,-0.61519251420578,13.0680146494986
OR5AK2,2.0,5.0,0.05128205128205128,-0.5476356033233932,3.79604147128282
OR6C6,8.0,21.0,0.20512820512820512,-0.6679770447977551,3.60045976086617
OR7G3,2.0,5.0,0.05128205128205128,-0.595049453046875,0.496197416658752
OR9A2,2.0,5.0,0.05128205128205128,-0.6278325639292839,8.19522384142891
OSBPL9,2.0,5.0,0.05128205128205128,-0.7083914370199464,4.21786498686637
OST4,20.0,51.0,0.5128205128205128,-0.7274400165292074,1.99350429584854
OSTC,13.0,33.0,0.3333333333333333,-0.6993945987165239,4.407959431975
OTUD5,7.0,18.0,0.1794871794871795,-0.7326988069540287,6.56076100811154
OXLD1,2.0,5.0,0.05128205128205128,-0.5747839333972147,9.51233099576644
OXSM,4.0,10.0,0.10256410256410256,-0.8252140157725405,15.854563029791
PA2G4,18.0,46.0,0.46153846153846156,-0.6449972466354317,2.96028569952143
PABIR1,4.0,10.0,0.10256410256410256,-0.6629871503571328,1.92973761062694
PAK2,9.0,23.0,0.23076923076923078,-0.560024215897028,15.5677756407851
PARD3,8.0,21.0,0.20512820512820512,-0.6956451626160749,7.89913506413889
PARD6B,15.0,38.0,0.38461538461538464,-0.8889596469033294,12.4266337823199
PARP1,2.0,5.0,0.05128205128205128,-0.5652922144407913,3.61769216298448
PBRM1,9.0,23.0,0.23076923076923078,-0.7227479003824738,0.253378765307259
PC,4.0,10.0,0.10256410256410256,-0.5438079068955403,4.99809877725375
PCDHB2,2.0,5.0,0.05128205128205128,-0.6078833397116041,5.74820925141398
PCM1,4.0,10.0,0.10256410256410256,-0.5951577515014714,4.03831037905027
PCNX3,18.0,46.0,0.46153846153846156,-0.7016396322647147,4.96923833359717
PCYT2,2.0,5.0,0.05128205128205128,-0.5307732175290925,0.104226306054027
PDCD5,9.0,23.0,0.23076923076923078,-0.6009873663476253,0.815044194880578
PDCD6,3.0,8.0,0.07692307692307693,-0.5858604776009481,18.897374852458
PDCD6IP,5.0,13.0,0.1282051282051282,-0.8165497885882765,24.9713690401476
PDE12,10.0,26.0,0.2564102564102564,-0.6757259151075541,12.0560880350811
PDE4DIP,11.0,28.0,0.28205128205128205,-0.6025931535467226,3.97132750548844
PDK2,4.0,10.0,0.10256410256410256,-0.5566644375036391,0.825861017454482
PDLIM7,2.0,5.0,0.05128205128205128,-0.5086699083315687,0.786973013153151
PDS5B,2.0,5.0,0.05128205128205128,-1.242845045658165,37.5115197721395
PDSS1,13.0,33.0,0.3333333333333333,-0.5907292990974328,0.60874394855707
PEAR1,2.0,5.0,0.05128205128205128,-0.5386399865396834,5.69300380155064
PET100,7.0,18.0,0.1794871794871795,-0.6440980811102184,1.76825449584866
PEX1,13.0,33.0,0.3333333333333333,-0.7018875884701457,15.291420993613
PEX11B,2.0,5.0,0.05128205128205128,-0.7109439172176989,9.57723383116666
PEX13,2.0,5.0,0.05128205128205128,-0.6668177978692141,13.8914027441378
PEX14,3.0,8.0,0.07692307692307693,-0.6272210288576138,1.81135496291168
PEX5,3.0,8.0,0.07692307692307693,-0.675250371306448,8.99390983925436
PEX6,8.0,21.0,0.20512820512820512,-0.6548541319862745,8.56142027413912
PGAP2,2.0,5.0,0.05128205128205128,-0.5202299929764375,11.5731861152654
PGLS,2.0,5.0,0.05128205128205128,-0.538234482255022,1.35409322857648
PGP,8.0,21.0,0.20512820512820512,-0.67251709433874,6.58487078763194
PGPEP1,2.0,5.0,0.05128205128205128,-0.5367062508885376,0.611228841848831
PHC1,2.0,5.0,0.05128205128205128,-0.6062799715028477,4.95977059035533
PHF12,18.0,46.0,0.46153846153846156,-0.7770545565341983,12.3325707055117
PHIP,2.0,5.0,0.05128205128205128,-0.7549954072463545,23.9022777359727
PI4KB,6.0,15.0,0.15384615384615385,-0.558198900845998,0.0811065206700992
PIAS1,6.0,15.0,0.15384615384615385,-0.7153271403417858,4.93799156874914
PIGH,2.0,5.0,0.05128205128205128,-0.5501030011117781,0.612670146827313
PIGL,2.0,5.0,0.05128205128205128,-0.5349654369837102,0.270543764916084
PIGS,5.0,13.0,0.1282051282051282,-0.6024922369456288,3.85439637532892
PIGV,2.0,5.0,0.05128205128205128,-0.5923516766913296,6.01361465666858
PIGX,2.0,5.0,0.05128205128205128,-0.5296849331145113,5.58207100402468
PIGY,2.0,5.0,0.05128205128205128,-0.5337601018493361,0.800174172758233
PIKFYVE,2.0,5.0,0.05128205128205128,-0.5164338751382828,9.45233530541213
PIN4,2.0,5.0,0.05128205128205128,-0.7189677344741241,5.98172147465869
PITRM1,11.0,28.0,0.28205128205128205,-0.7846801109994518,9.14900735135018
PKN2,16.0,41.0,0.41025641025641024,-0.7532274723349948,9.95546908290085
PLEKHG6,2.0,5.0,0.05128205128205128,-0.5616769875400938,10.9429086979062
PLEKHM1,4.0,10.0,0.10256410256410256,-0.5953647299426591,1.89996747576242
PLG,2.0,5.0,0.05128205128205128,-0.5740898281245711,7.13187452903711
POC1A,4.0,10.0,0.10256410256410256,-0.6694148634557344,10.1858519038087
POLE3,9.0,23.0,0.23076923076923078,-0.6884504864900591,1.73182463404538
POLG,9.0,23.0,0.23076923076923078,-0.7253851899298414,4.35116729315945
POLG2,6.0,15.0,0.15384615384615385,-0.8438870196236071,4.64337290311862
POLQ,4.0,10.0,0.10256410256410256,-0.7918578764986568,20.9357966043932
POLR2M,3.0,8.0,0.07692307692307693,-0.5933389971981184,13.7027538037225
POU2F1,4.0,10.0,0.10256410256410256,-0.6090852139435656,4.97863206117196
PPA2,10.0,26.0,0.2564102564102564,-0.7582491158048872,12.7606749553358
PPARG,3.0,8.0,0.07692307692307693,-0.8098753776402724,29.9372655338017
PPCDC,5.0,13.0,0.1282051282051282,-0.9418432077309568,45.3829228052628
PPCS,12.0,31.0,0.3076923076923077,-0.6345931806139351,4.44989343086562
PPHLN1,3.0,8.0,0.07692307692307693,-0.5625447453366149,0.0007081280947929
PPIH,9.0,23.0,0.23076923076923078,-0.7848789119348021,10.5778371006295
PPIL1,27.0,69.0,0.6923076923076923,-0.6630604363672269,6.62983887316807
PPM1D,2.0,5.0,0.05128205128205128,-0.6012429803133401,5.61138176055196
PPM1G,2.0,5.0,0.05128205128205128,-0.860779808404535,9.01585357067413
PPME1,6.0,15.0,0.15384615384615385,-0.5955271032023173,4.39916539448966
PPP2R5E,2.0,5.0,0.05128205128205128,-0.9302559957450065,31.7357492876003
PPP4R2,17.0,44.0,0.4358974358974359,-0.7809620452890927,8.12463829972637
PPY,4.0,10.0,0.10256410256410256,-0.5528627468880203,0.203251562167679
PRAC1,4.0,10.0,0.10256410256410256,-0.5725797454188399,0.625484075808643
PRAMEF18,10.0,26.0,0.2564102564102564,-0.6503485775740322,0.0004744201055695
PRDM10,7.0,18.0,0.1794871794871795,-0.6143798726393626,0.0987812443192588
PRDM16,2.0,5.0,0.05128205128205128,-0.7568605030479068,18.7694085926653
PRDX1,4.0,10.0,0.10256410256410256,-0.6187311900162362,13.2324621662477
PRDX2,2.0,5.0,0.05128205128205128,-0.6251787623035195,7.10165789754244
PRKACG,2.0,5.0,0.05128205128205128,-0.5247098972236104,0.759603875179359
PRKAR1A,4.0,10.0,0.10256410256410256,-0.5376731826054535,8.52316297180368
PRKCE,2.0,5.0,0.05128205128205128,-0.7925077045701527,25.904335545993
PRKCI,7.0,18.0,0.1794871794871795,-0.913653775212034,32.2300442927041
PRKCZ,2.0,5.0,0.05128205128205128,-0.7138041108257165,15.1638925120992
PRKRA,18.0,46.0,0.46153846153846156,-0.9612080195874474,26.715034273691
PROCA1,3.0,8.0,0.07692307692307693,-0.5709758706351367,4.92628992257924
PRRC2A,11.0,28.0,0.28205128205128205,-0.6177407223793361,11.8631123267
PRRC2C,2.0,5.0,0.05128205128205128,-0.8265724831684034,6.93850539909683
PRUNE1,7.0,18.0,0.1794871794871795,-0.527072029929684,16.2791614153559
PSEN1,2.0,5.0,0.05128205128205128,-0.573391962468331,13.5232335808106
PSENEN,3.0,8.0,0.07692307692307693,-0.5474407316554822,7.25165290746988
PSMD10,2.0,5.0,0.05128205128205128,-0.9357670233746,22.9862240683063
PSMF1,3.0,8.0,0.07692307692307693,-0.5847062498658679,9.43876116062713
PSPC1,2.0,5.0,0.05128205128205128,-0.6946412136669546,2.59032103358903
PTAR1,7.0,18.0,0.1794871794871795,-0.6545232785619056,8.08932705713271
PTCD1,5.0,13.0,0.1282051282051282,-0.5605413626117055,9.66734499358927
PTK2,24.0,62.0,0.6153846153846154,-0.7902501977595757,3.08165169744002
PTP4A1,3.0,8.0,0.07692307692307693,-0.5689067243778304,1.68611266750362
PTPA,21.0,54.0,0.5384615384615384,-0.6721384758881906,0.0134955404201076
PTPN1,10.0,26.0,0.2564102564102564,-0.5695916981127727,0.252470511513433
PUS3,3.0,8.0,0.07692307692307693,-0.5456760707738874,8.26986445827943
PXN,10.0,26.0,0.2564102564102564,-0.652540900419981,0.477109030811653
RAB10,20.0,51.0,0.5128205128205128,-0.9354014479572764,5.87059574220975
RAB11A,3.0,8.0,0.07692307692307693,-0.961373372735052,16.7351616367194
RAB1A,5.0,13.0,0.1282051282051282,-0.5906710205248691,19.8700481091836
RAB1B,6.0,15.0,0.15384615384615385,-0.5242736659441254,0.209585494065799
RAB35,6.0,15.0,0.15384615384615385,-0.6487641974692505,5.96852252343584
RAB42,2.0,5.0,0.05128205128205128,-0.5929912019059973,7.30996866189588
RAB5C,3.0,8.0,0.07692307692307693,-0.6886314228641495,3.97269404466057
RAB6A,26.0,67.0,0.6666666666666666,-1.0132321024066209,6.80429900299373e-05
RAB7A,16.0,41.0,0.41025641025641024,-0.6865844850027106,2.32435954859361
RABIF,11.0,28.0,0.28205128205128205,-0.6341476373591316,8.31585148011487
RABL2A,7.0,18.0,0.1794871794871795,-0.558754240982622,1.6441209404665
RAC3,4.0,10.0,0.10256410256410256,-0.5815412659953219,3.22195793410886
RAD51B,6.0,15.0,0.15384615384615385,-0.5689689466305836,10.5875886237277
RAD51D,18.0,46.0,0.46153846153846156,-0.8063503433468754,12.0078077982604
RAD9A,21.0,54.0,0.5384615384615384,-1.0456214339742005,-4.81147149429262e-05
RAF1,5.0,13.0,0.1282051282051282,-0.8179490227785031,24.317823035038
RALGAPA1,3.0,8.0,0.07692307692307693,-0.5296345456685108,0.892600028873343
RANBP1,12.0,31.0,0.3076923076923077,-0.6363686021069238,11.1135448716884
RANBP3,5.0,13.0,0.1282051282051282,-0.5967729408259691,0.709939735843616
RAPGEF1,2.0,5.0,0.05128205128205128,-0.6281613506474859,0.0963666741443454
RAPGEF6,2.0,5.0,0.05128205128205128,-0.6248092690374139,11.8325422111031
RAPGEFL1,3.0,8.0,0.07692307692307693,-0.6469627405425831,3.04629555845308
RAPH1,3.0,8.0,0.07692307692307693,-0.5533731384270869,3.65414444943846
RB1CC1,5.0,13.0,0.1282051282051282,-0.5938681025935784,0.0016019278869379
RBBP7,4.0,10.0,0.10256410256410256,-0.8266764300896963,28.3484102199905
RBM10,11.0,28.0,0.28205128205128205,-0.6134194820798826,4.63687818322375
RBM18,9.0,23.0,0.23076923076923078,-0.6247528597810633,1.42660685123226
RBM23,2.0,5.0,0.05128205128205128,-0.5485114757481692,0.682157958398371
RBM27,5.0,13.0,0.1282051282051282,-0.6471154424206851,5.32571705461564
RBM34,3.0,8.0,0.07692307692307693,-0.546221522198456,2.68958071845713
RBM5,4.0,10.0,0.10256410256410256,-0.8184731803239875,17.3818328698272
RBSN,10.0,26.0,0.2564102564102564,-0.59857555748808,2.02002339770641
RCC1L,17.0,44.0,0.4358974358974359,-0.6373543842682139,0.0025225570473388
RCE1,2.0,5.0,0.05128205128205128,-0.6711560615934089,7.36751538693656
RCN2,2.0,5.0,0.05128205128205128,-0.6596853499196494,8.45991516851073
RCOR1,5.0,13.0,0.1282051282051282,-0.6437591851049216,1.48691748241732
RDM1,2.0,5.0,0.05128205128205128,-0.5846207623638996,5.26331505820466
RELA,8.0,21.0,0.20512820512820512,-0.5666876167837624,5.15527628078862
REXO2,3.0,8.0,0.07692307692307693,-0.5884476117902099,2.96073813523023
RFFL,2.0,5.0,0.05128205128205128,-0.5334509194727615,0.245541151617427
RFK,18.0,46.0,0.46153846153846156,-0.8705194740555383,4.34932280872973
RFX5,3.0,8.0,0.07692307692307693,-0.5677056343585922,13.1431774731061
RHBDF1,2.0,5.0,0.05128205128205128,-0.5742609600235932,3.58852148746848
RHOF,3.0,8.0,0.07692307692307693,-0.6568160912420683,8.08565257075889
RHOT1,3.0,8.0,0.07692307692307693,-0.6106945379241573,3.47914583894367
RHPN1,6.0,15.0,0.15384615384615385,-0.6474226231849141,9.74318737732597
RIC1,30.0,77.0,0.7692307692307693,-1.0387972882436969,0.0016912237618669
RIC8A,2.0,5.0,0.05128205128205128,-0.6436702374490559,1.58620068350173
RIF1,4.0,10.0,0.10256410256410256,-0.6598008532927626,4.05255224582231
RIT1,2.0,5.0,0.05128205128205128,-0.5969752220634934,7.41304241123054
RMI2,2.0,5.0,0.05128205128205128,-0.5389707563278976,2.01999254044053
RMND1,5.0,13.0,0.1282051282051282,-0.6876072129390615,6.24035243399188
RMND5A,4.0,10.0,0.10256410256410256,-0.8615407109382093,7.89726659700592
RNASEH2C,2.0,5.0,0.05128205128205128,-0.5536485344065043,0.960584550419707
RND1,2.0,5.0,0.05128205128205128,-0.554464613908004,3.55540403080266
RNF31,4.0,10.0,0.10256410256410256,-0.5299727025206218,0.0289135871269153
RNF4,20.0,51.0,0.5128205128205128,-0.7455874071633601,2.18646488251349
RNF41,2.0,5.0,0.05128205128205128,-0.545059580603272,2.52988119966671
RPL41,5.0,13.0,0.1282051282051282,-0.5747655155834044,0.0244277548967204
RPP25L,3.0,8.0,0.07692307692307693,-0.9353018200277046,33.86270807287
RPUSD3,6.0,15.0,0.15384615384615385,-0.5991199668325473,8.35091782046925
RRAGA,15.0,38.0,0.38461538461538464,-0.5880765639237332,0.452976389242433
RSAD1,4.0,10.0,0.10256410256410256,-0.605119374199903,12.3785361649709
RSU1,2.0,5.0,0.05128205128205128,-0.5418415058368289,0.216087794189409
RTN4IP1,6.0,15.0,0.15384615384615385,-0.6708462568801967,6.57770768495927
SAMHD1,2.0,5.0,0.05128205128205128,-0.6462997565536709,5.10448957036498
SARNP,5.0,13.0,0.1282051282051282,-0.5453296418975524,0.846130318307888
SCARF2,2.0,5.0,0.05128205128205128,-0.5693612715952117,12.0469811714692
SCNM1,6.0,15.0,0.15384615384615385,-0.5781446375983321,6.11245950728717
SCYL1,8.0,21.0,0.20512820512820512,-0.5710200862784709,26.2518609082453
SDHAF1,4.0,10.0,0.10256410256410256,-0.6143656036319096,5.99554481428699
SDHAF2,11.0,28.0,0.28205128205128205,-0.5706701784971796,2.79452428390093
SEC24C,3.0,8.0,0.07692307692307693,-0.5159414655109611,7.4523982850016
SEPHS1,3.0,8.0,0.07692307692307693,-0.5730196059321606,0.677939693682976
SEPHS2,14.0,36.0,0.358974358974359,-0.668961847611183,8.22365560603642
SEPTIN2,4.0,10.0,0.10256410256410256,-0.6688318669745461,9.22656341190554
SEPTIN9,2.0,5.0,0.05128205128205128,-0.7626990018277264,4.80167440667498
SERHL2,2.0,5.0,0.05128205128205128,-0.6198023399330292,22.4007502768263
SETD2,21.0,54.0,0.5384615384615384,-0.668963776257157,14.0048715745281
SETD5,3.0,8.0,0.07692307692307693,-0.5869793139444077,3.04721287236797
SETX,3.0,8.0,0.07692307692307693,-0.7569340746943063,17.8526709904969
SFTA2,2.0,5.0,0.05128205128205128,-0.7916259898683009,11.5703469970863
SGF29,11.0,28.0,0.28205128205128205,-0.8661614546739163,0.0076694415090514
SGO2,2.0,5.0,0.05128205128205128,-0.7160737168028506,6.71756877396265
SH3BGRL3,2.0,5.0,0.05128205128205128,-0.6467039060605613,13.975510981233
SHARPIN,2.0,5.0,0.05128205128205128,-0.5450761059923221,6.71493034443629
SHLD2,8.0,21.0,0.20512820512820512,-0.5297749587405503,0.938796675949625
SIGLEC11,3.0,8.0,0.07692307692307693,-0.5991309860115468,4.14885072628208
SIMC1,2.0,5.0,0.05128205128205128,-0.9243575168782205,22.9603388093865
SINHCAF,15.0,38.0,0.38461538461538464,-0.739282589131331,5.73594040081532
SKI,4.0,10.0,0.10256410256410256,-0.5626770528327028,8.20920225511718
SKIC3,2.0,5.0,0.05128205128205128,-0.5940554979974941,6.53842852180009
SLC16A1,2.0,5.0,0.05128205128205128,-0.7906410564752184,20.5245173749852
SLC16A5,3.0,8.0,0.07692307692307693,-0.5094009474479224,1.19944303700218
SLC20A1,3.0,8.0,0.07692307692307693,-0.6171475464233611,32.5412951846665
SLC25A1,6.0,15.0,0.15384615384615385,-0.6315083435303273,7.01108639699612
SLC25A19,3.0,8.0,0.07692307692307693,-0.5864087169031372,6.41552680463752
SLC25A37,2.0,5.0,0.05128205128205128,-0.5897663687648427,8.24804576929688
SLC25A38,5.0,13.0,0.1282051282051282,-0.5227880280065685,0.0054424551375476
SLC25A5,9.0,23.0,0.23076923076923078,-0.6532624447441495,0.943452688829783
SLC25A51,2.0,5.0,0.05128205128205128,-0.6564490180251865,3.97045882642598
SLC29A2,2.0,5.0,0.05128205128205128,-0.521214758227673,4.73197645475486
SLC2A1,14.0,36.0,0.358974358974359,-0.9578935987749072,4.55363811050308
SLC30A9,2.0,5.0,0.05128205128205128,-1.0392867541006583,28.4679774145273
SLC31A1,7.0,18.0,0.1794871794871795,-0.5925881051754713,2.438404131026
SLC33A1,13.0,33.0,0.3333333333333333,-0.6707922459613443,37.4258311910196
SLC35B2,8.0,21.0,0.20512820512820512,-0.5997934474228716,7.41868385795221
SLC38A2,8.0,21.0,0.20512820512820512,-0.8735147394647953,16.2775621016114
SLC39A10,19.0,49.0,0.48717948717948717,-0.5971663856923463,18.9560305205371
SLC39A6,4.0,10.0,0.10256410256410256,-0.6213245211828735,42.4979982884359
SLC3A2,22.0,56.0,0.5641025641025641,-0.7110926619015304,2.77604098540303
SLC44A3,4.0,10.0,0.10256410256410256,-0.6009634425695505,5.02631149339734
SLC4A1AP,2.0,5.0,0.05128205128205128,-0.5676267452678485,4.18863156559129
SLC4A7,20.0,51.0,0.5128205128205128,-0.7706333363318376,18.8459219033369
SLC5A3,3.0,8.0,0.07692307692307693,-0.5903526871444141,18.0282498504489
SLC7A1,10.0,26.0,0.2564102564102564,-0.7742289640838858,20.5112048527557
SLC7A5,17.0,44.0,0.4358974358974359,-0.906486619123922,5.4454610206092
SLC9B1,9.0,23.0,0.23076923076923078,-0.6538602797539544,7.24950768302189
SLF2,2.0,5.0,0.05128205128205128,-0.605339715794297,1.87824237971907
SLMAP,10.0,26.0,0.2564102564102564,-0.5590826993471651,1.70615931868528
SLX9,4.0,10.0,0.10256410256410256,-0.6098285456065742,0.033629579616989
SMAD7,2.0,5.0,0.05128205128205128,-0.5861529363398025,18.374661414014
SMARCA4,10.0,26.0,0.2564102564102564,-0.5850803195859958,2.05710139982682
SMARCC1,4.0,10.0,0.10256410256410256,-0.6951671098447416,14.4327011869811
SMARCD1,3.0,8.0,0.07692307692307693,-0.6110598039855949,2.80269528606967
SMCHD1,2.0,5.0,0.05128205128205128,-1.0994176969370546,44.5908017915411
SMPD4,4.0,10.0,0.10256410256410256,-0.5500020601269687,1.06407851591499
SMR3B,8.0,21.0,0.20512820512820512,-0.5897196913105488,2.79050333027442e-05
SNAI2,4.0,10.0,0.10256410256410256,-0.7764607277256466,24.1323426863226
SNAP23,31.0,79.0,0.7948717948717948,-1.2185900589463732,7.75646569322707
SNAP29,5.0,13.0,0.1282051282051282,-0.62036013496047,6.06886065792411
SNAPIN,8.0,21.0,0.20512820512820512,-0.6002186107040464,4.29663552046933
SNRPA,13.0,33.0,0.3333333333333333,-0.6185719835776156,1.03572486049429
SNRPB2,25.0,64.0,0.6410256410256411,-1.0779938344886253,7.44839264766728
SNX17,2.0,5.0,0.05128205128205128,-0.6448263973296045,6.95147314134317
SOCS3,2.0,5.0,0.05128205128205128,-0.5852811609879476,7.97026760356649
SOCS5,4.0,10.0,0.10256410256410256,-0.5170285315644187,0.0019410001847717
SOS1,7.0,18.0,0.1794871794871795,-0.5963835533431086,2.03237974084927
SOX9,15.0,38.0,0.38461538461538464,-0.9066412594504988,9.30802786433408
SP1,9.0,23.0,0.23076923076923078,-0.5874513262885497,0.184667443666239
SPACDR,4.0,10.0,0.10256410256410256,-0.693649799886439,25.8272761367795
SPATA31A7,16.0,41.0,0.41025641025641024,-0.640774541683441,1.75420279274137
SPICE1,3.0,8.0,0.07692307692307693,-0.5254973753820623,1.36841808419473
SPINT1,4.0,10.0,0.10256410256410256,-0.6741761710762101,6.12723948226768
SPNS1,3.0,8.0,0.07692307692307693,-0.5362335566963975,4.73088909844942
SPRING1,7.0,18.0,0.1794871794871795,-0.6197617112818747,10.0529083372464
SPTLC2,15.0,38.0,0.38461538461538464,-0.6380296775875373,2.33123366462534
SPTSSA,5.0,13.0,0.1282051282051282,-0.6518085985872031,3.02564941283869
SQLE,4.0,10.0,0.10256410256410256,-0.8820023150526008,22.5261783826698
SQSTM1,3.0,8.0,0.07692307692307693,-0.6994504626522836,38.640567955878
SRC,6.0,15.0,0.15384615384615385,-0.5862186664149251,4.59633869332828
SREBF1,15.0,38.0,0.38461538461538464,-0.9240056314494514,28.3036541528705
SREBF2,3.0,8.0,0.07692307692307693,-0.8006316866654992,33.0508251144462
SRM,4.0,10.0,0.10256410256410256,-0.6233067301662293,4.48453678938819
SRRD,8.0,21.0,0.20512820512820512,-0.5717782616839671,0.004759817515934
SRSF5,2.0,5.0,0.05128205128205128,-0.5819554317114788,0.485122047092688
SSBP1,10.0,26.0,0.2564102564102564,-0.6799444311772325,0.787888334520207
SSH2,2.0,5.0,0.05128205128205128,-0.5760706771141733,2.18805832620582
SSR2,7.0,18.0,0.1794871794871795,-0.6519589426910821,0.578227347093035
STAMBP,5.0,13.0,0.1282051282051282,-0.9736722721707796,35.6331604361949
STARD7,11.0,28.0,0.28205128205128205,-0.7043818580709802,1.09782210359051
STAT5A,2.0,5.0,0.05128205128205128,-0.5335149845691272,2.97576159227407
STEEP1,6.0,15.0,0.15384615384615385,-0.5493329917869242,0.368803055377231
STIP1,7.0,18.0,0.1794871794871795,-0.6151039225848738,3.24399032817566
STK11,4.0,10.0,0.10256410256410256,-0.9836243423896405,6.31273948352806
STK3,2.0,5.0,0.05128205128205128,-0.610773446463855,14.7461910071057
STK40,3.0,8.0,0.07692307692307693,-0.715419078842672,3.39217418935289
STRC,2.0,5.0,0.05128205128205128,-0.5320605569584178,7.95888607171001
STT3A,15.0,38.0,0.38461538461538464,-0.7250911461935928,4.49815144973828
STUB1,3.0,8.0,0.07692307692307693,-0.6749359344908412,2.73209417025098
STX4,23.0,59.0,0.5897435897435898,-1.0455516696397704,13.7644735993951
STXBP3,21.0,54.0,0.5384615384615384,-0.9256726453858388,9.02386506408314
SUCO,3.0,8.0,0.07692307692307693,-0.6127473724411238,9.64892631074811
SUGP2,5.0,13.0,0.1282051282051282,-0.5541004039831975,3.72528497644337
SUPT3H,2.0,5.0,0.05128205128205128,-0.5544164986459756,13.0392123766132
SYNCRIP,7.0,18.0,0.1794871794871795,-0.5242061468776547,1.17453512815296
TADA2B,3.0,8.0,0.07692307692307693,-0.700351613597791,7.17338993352414
TADA3,8.0,21.0,0.20512820512820512,-0.7148571086054558,1.34574091617224
TAF4,4.0,10.0,0.10256410256410256,-0.5368525920125127,2.51534661374902
TAF5L,12.0,31.0,0.3076923076923077,-0.7413915517446928,2.25140738454822
TAFAZZIN,14.0,36.0,0.358974358974359,-0.7275278473541262,16.4873261884292
TAMM41,25.0,64.0,0.6410256410256411,-0.8442760747079199,0.35770590087397
TAPT1,4.0,10.0,0.10256410256410256,-0.6600275658438551,11.4521346366809
TBC1D10A,3.0,8.0,0.07692307692307693,-0.5649335479964269,8.82716908295732
TBC1D28,5.0,13.0,0.1282051282051282,-0.5179602204471045,3.52255098201939
TBL1XR1,19.0,49.0,0.48717948717948717,-0.8705561973264048,0.217687676262088
TBRG4,2.0,5.0,0.05128205128205128,-0.5790950224378324,11.2723651053992
TCF7L1,5.0,13.0,0.1282051282051282,-0.7072416211740397,11.1666567726054
TCF7L2,2.0,5.0,0.05128205128205128,-0.7028286757203421,25.4332030915769
TCOF1,20.0,51.0,0.5128205128205128,-0.6686759409410862,1.41684046122404
TDP2,5.0,13.0,0.1282051282051282,-0.5785627887792916,2.73784220633687
TEAD1,15.0,38.0,0.38461538461538464,-0.7017955374413166,14.4227228927078
TEAD3,7.0,18.0,0.1794871794871795,-0.560073928031052,4.62408371996931
TEN1,24.0,62.0,0.6153846153846154,-0.6940311499965526,0.0561419381419448
TEPSIN,4.0,10.0,0.10256410256410256,-0.5844047791714551,3.91900550751416
TESMIN,2.0,5.0,0.05128205128205128,-0.5722611592492794,4.68169296183874e-05
TFAP2A,2.0,5.0,0.05128205128205128,-0.6687570532987743,13.9536308378133
TFAP4,13.0,33.0,0.3333333333333333,-0.6857553486735524,4.04201513415359e-06
TFG,3.0,8.0,0.07692307692307693,-0.5742923439469934,1.37782499227706
TFRC,31.0,79.0,0.7948717948717948,-1.0934843049008374,0.0080599058373565
TGFBR1,4.0,10.0,0.10256410256410256,-0.9866358876796968,23.7417837653471
TGFBRAP1,9.0,23.0,0.23076923076923078,-0.6908178044149916,11.5782901785718
TGIF1,7.0,18.0,0.1794871794871795,-0.7416055981329979,9.1091455410141
THAP12,9.0,23.0,0.23076923076923078,-0.634788427468285,0.520735745774671
THAP3,2.0,5.0,0.05128205128205128,-0.5791162164861154,8.26834331393281
THAP7,5.0,13.0,0.1282051282051282,-0.5724140774480823,5.39819811424377
THRAP3,13.0,33.0,0.3333333333333333,-0.5776195951471231,1.11983921758149
THUMPD1,2.0,5.0,0.05128205128205128,-0.5662106795442383,6.7271488862072
TIAL1,4.0,10.0,0.10256410256410256,-0.7185862226617037,4.41986601695342
TIMM17A,4.0,10.0,0.10256410256410256,-0.8124569607752596,30.5865512354046
TIMM29,16.0,41.0,0.41025641025641024,-0.6597136772548317,-2.7014448598095e-06
TIMM8A,7.0,18.0,0.1794871794871795,-0.8063340050018778,9.00646332867564
TIMMDC1,9.0,23.0,0.23076923076923078,-0.5658427853396435,4.49438132764028
TIPARP,16.0,41.0,0.41025641025641024,-0.8278860856778854,5.88464464628343
TJP1,3.0,8.0,0.07692307692307693,-0.7293406076828601,12.8723981972636
TLCD1,7.0,18.0,0.1794871794871795,-0.5524406929546741,3.65716328142882
TM2D1,2.0,5.0,0.05128205128205128,-0.5136487870200267,0.593445333569342
TM2D2,6.0,15.0,0.15384615384615385,-0.5694091102289349,1.03572288110485
TM2D3,4.0,10.0,0.10256410256410256,-0.5986320134133558,1.37747226387806
TM7SF2,4.0,10.0,0.10256410256410256,-0.6439995007157451,4.60666837146511
TMCO6,4.0,10.0,0.10256410256410256,-0.5180882071075796,11.8260874512402
TMEM127,3.0,8.0,0.07692307692307693,-0.6722823997291543,4.79640901544389
TMEM165,2.0,5.0,0.05128205128205128,-0.6861136374439272,2.64879509322993
TMEM201,3.0,8.0,0.07692307692307693,-0.6289332035327346,23.8972251643724
TMEM230,3.0,8.0,0.07692307692307693,-0.5483853656561599,2.16811955122051
TMEM240,2.0,5.0,0.05128205128205128,-0.5978577985059026,13.4618286338624
TMEM242,7.0,18.0,0.1794871794871795,-0.6000398949208446,0.430059780828344
TMEM276,4.0,10.0,0.10256410256410256,-0.5189571656085503,1.88526443818076
TMEM30A,2.0,5.0,0.05128205128205128,-0.6862682116762011,7.78835141574623
TMEM41A,3.0,8.0,0.07692307692307693,-0.530371979118347,29.1167179355565
TMPRSS9,2.0,5.0,0.05128205128205128,-0.6306595098049701,21.3243469534972
TMSB10,16.0,41.0,0.41025641025641024,-0.6043749156750038,0.454027415026417
TMX2,7.0,18.0,0.1794871794871795,-0.6639874880096841,5.70058105197563
TNS3,6.0,15.0,0.15384615384615385,-0.758811335283682,9.15961461843274
TOMM70,7.0,18.0,0.1794871794871795,-0.5536091370141112,1.71064773176929
TOR2A,7.0,18.0,0.1794871794871795,-0.6399453952357843,1.61164738077835
TOX4,7.0,18.0,0.1794871794871795,-0.5604218458077935,0.116167387053316
TP53BP2,6.0,15.0,0.15384615384615385,-0.6609793013385538,14.3730511987772
TP63,5.0,13.0,0.1282051282051282,-0.9901110198968216,42.9303037884627
TP73,2.0,5.0,0.05128205128205128,-0.628147058204158,4.67148553652714
TPK1,4.0,10.0,0.10256410256410256,-0.8045974909430869,32.0021480220536
TPTE2,2.0,5.0,0.05128205128205128,-0.7020005632819968,16.0641462134283
TRA2B,18.0,46.0,0.46153846153846156,-0.6693980639956095,3.78904519367963
TRAPPC13,4.0,10.0,0.10256410256410256,-0.5876198055314441,3.95823065583183
TRAPPC14,2.0,5.0,0.05128205128205128,-0.6198222673782091,10.7075877170295
TRAPPC2L,4.0,10.0,0.10256410256410256,-0.5492175095832433,7.63432148787597
TRIM28,7.0,18.0,0.1794871794871795,-0.5479556148005732,7.08997279319329
TRIM61,3.0,8.0,0.07692307692307693,-0.6307242821205483,10.3932272845452
TRIR,7.0,18.0,0.1794871794871795,-0.5756170231917966,6.87901298824068
TRIT1,5.0,13.0,0.1282051282051282,-0.6252636619242332,2.64863478521947
TRMT10C,14.0,36.0,0.358974358974359,-0.6142516978412758,4.98167076482479
TROAP,4.0,10.0,0.10256410256410256,-0.5766825972626585,2.41225574422262
TSC22D2,8.0,21.0,0.20512820512820512,-0.5538579646028818,10.469117110583
TSFM,3.0,8.0,0.07692307692307693,-0.5661409131229536,0.422775462108646
TTC19,2.0,5.0,0.05128205128205128,-0.5739541578317024,6.13715318415608
TTC4,13.0,33.0,0.3333333333333333,-0.7330533025804346,5.70404222947631
TTC7A,8.0,21.0,0.20512820512820512,-0.7559443724572718,8.40740116989348
TTC9C,2.0,5.0,0.05128205128205128,-0.542082556597042,4.39879736515951
TTLL5,2.0,5.0,0.05128205128205128,-0.5410379637988558,0.82258401031396
TUBA1A,2.0,5.0,0.05128205128205128,-0.535805671031067,5.35655269300071
TUBA3D,31.0,79.0,0.7948717948717948,-0.6941821573870912,0.505407912055063
TUBB4B,18.0,46.0,0.46153846153846156,-0.7363338296173413,24.0101043429105
TWF1,2.0,5.0,0.05128205128205128,-0.6827639957559706,4.741376001833
TWNK,22.0,56.0,0.5641025641025641,-0.7288576889027372,2.08424039701172
TXNDC17,3.0,8.0,0.07692307692307693,-0.5243382923694736,22.9362245481734
TXNDC9,3.0,8.0,0.07692307692307693,-0.6517807630618024,2.48522559254906
TXNRD1,12.0,31.0,0.3076923076923077,-0.7356162744982851,3.80177531791993
TYMS,21.0,54.0,0.5384615384615384,-1.6758840024151935,21.289946921564
UAP1,10.0,26.0,0.2564102564102564,-0.6824711772318349,23.6697175611749
UBA5,25.0,64.0,0.6410256410256411,-0.756861065751345,0.239947790783869
UBA6,14.0,36.0,0.358974358974359,-0.5682585968919301,8.63173680971713
UBAP2L,13.0,33.0,0.3333333333333333,-0.5820432862293382,2.66952136646843
UBE2D3,26.0,67.0,0.6666666666666666,-0.8267835739687361,3.69347764955872
UBE2G2,2.0,5.0,0.05128205128205128,-0.6232681161518874,8.58570966855071
UBE2H,25.0,64.0,0.6410256410256411,-0.6969387495749906,6.5956843446159
UBE2J2,3.0,8.0,0.07692307692307693,-0.8081854458504018,13.6701903475188
UBE2Q1,3.0,8.0,0.07692307692307693,-0.6760329371767165,4.39883050903041
UBE2S,7.0,18.0,0.1794871794871795,-0.8200586200405636,8.56785101476849
UBE2T,2.0,5.0,0.05128205128205128,-0.7192439472479437,4.76584611216395
UBE2Z,8.0,21.0,0.20512820512820512,-0.5372680122227831,8.73329909847498
UBIAD1,20.0,51.0,0.5128205128205128,-0.7201888215381171,18.2527257284592
UBQLN4,10.0,26.0,0.2564102564102564,-0.649443289842053,7.38931099994316
UBR5,18.0,46.0,0.46153846153846156,-0.7141293668332642,6.12095608732235
UBXN4,2.0,5.0,0.05128205128205128,-0.5908011719335604,1.29129184493806
UFL1,21.0,54.0,0.5384615384615384,-0.697751936129191,1.30571767645856
UFM1,24.0,62.0,0.6153846153846154,-0.9173806556809769,1.40508415966337
UGCG,4.0,10.0,0.10256410256410256,-0.5433711052274764,17.9385522110357
UGP2,14.0,36.0,0.358974358974359,-0.6329586603962996,15.3053305161778
UGT2B11,3.0,8.0,0.07692307692307693,-0.5410632801321491,6.11658482876386
UNC119,6.0,15.0,0.15384615384615385,-0.5928356154525194,0.0492197565689807
UNC50,10.0,26.0,0.2564102564102564,-0.8757812602199395,3.25506794287769
UQCC2,3.0,8.0,0.07692307692307693,-0.595225179456841,6.18588895815971
UQCC3,5.0,13.0,0.1282051282051282,-0.5450883766925109,0.221994566620985
UQCR10,9.0,23.0,0.23076923076923078,-0.6085401658367432,0.0810170282671443
UQCRC2,22.0,56.0,0.5641025641025641,-0.7417334732767109,1.76822701248448
UROS,2.0,5.0,0.05128205128205128,-0.6774107631055,10.1884151889017
USF2,4.0,10.0,0.10256410256410256,-0.5160409624978368,4.37614193842045
USP1,4.0,10.0,0.10256410256410256,-0.5936204963583991,5.27781662547207
USP14,2.0,5.0,0.05128205128205128,-0.6434076953333863,19.4123703723834
USP18,4.0,10.0,0.10256410256410256,-0.6287749811142433,2.64193976864008
USP19,2.0,5.0,0.05128205128205128,-0.5508831988659298,2.37433199514643
USP38,2.0,5.0,0.05128205128205128,-0.6718057615768189,23.9194410238087
UXS1,17.0,44.0,0.4358974358974359,-1.094440935429995,16.8039726649975
VAC14,8.0,21.0,0.20512820512820512,-0.8360699179342446,6.91724267863669
VCL,14.0,36.0,0.358974358974359,-0.6040109663447352,10.7442426397417
VCPIP1,15.0,38.0,0.38461538461538464,-0.6398981394774739,14.6293939270125
VDAC2,2.0,5.0,0.05128205128205128,-0.6063629295647149,1.60418107091162
VEZF1,4.0,10.0,0.10256410256410256,-0.6778798666278394,5.67131589271522
VMA21,6.0,15.0,0.15384615384615385,-0.6504805757678339,8.67377421671909
VPS26A,3.0,8.0,0.07692307692307693,-0.638918297346089,12.1663546260874
VPS33A,20.0,51.0,0.5128205128205128,-0.7238320062907124,9.83355266290904
VPS35,19.0,49.0,0.48717948717948717,-0.6953856103451282,1.23816006082041
VPS36,17.0,44.0,0.4358974358974359,-0.6093598922271811,9.4455454078254
VPS37A,19.0,49.0,0.48717948717948717,-0.6430512668169207,8.31258949570094
VPS39,4.0,10.0,0.10256410256410256,-0.6296122274418998,4.61557222806694
VPS45,14.0,36.0,0.358974358974359,-0.5709730515355759,6.0706290492832
VPS4A,8.0,21.0,0.20512820512820512,-0.7283217176563019,24.1906689888368
VPS4B,12.0,31.0,0.3076923076923077,-0.7788427670816931,25.6662532502522
VPS51,13.0,33.0,0.3333333333333333,-0.7057523531442382,2.67224007603612
VPS54,11.0,28.0,0.28205128205128205,-0.6765633030096408,5.50755922804938
VPS8,7.0,18.0,0.1794871794871795,-0.6781829856199942,11.8897457070098
VRK1,28.0,72.0,0.717948717948718,-0.6931409475735397,0.599500074458389
VTI1B,3.0,8.0,0.07692307692307693,-0.5095612940978086,0.12651542625467
WASF2,7.0,18.0,0.1794871794871795,-0.5823817206937403,23.4018023733718
WASHC2C,23.0,59.0,0.5897435897435898,-0.6774475548386983,1.91955452297776e-05
WASHC3,2.0,5.0,0.05128205128205128,-0.57718124141415,0.663311869883852
WBP1,14.0,36.0,0.358974358974359,-0.6104943299569987,3.41213345197704
WDR26,30.0,77.0,0.7692307692307693,-0.7698249699153237,4.36820996303322
WDR38,2.0,5.0,0.05128205128205128,-0.5351093526790076,9.1934058299323
WDR44,3.0,8.0,0.07692307692307693,-0.535494994936704,11.9381836219052
WDR48,15.0,38.0,0.38461538461538464,-0.6288117606996934,0.202139320485419
WDR59,6.0,15.0,0.15384615384615385,-0.6203016379436462,0.139889094630917
WDR62,2.0,5.0,0.05128205128205128,-0.5433765479449757,1.12843902396637
WDR7,34.0,87.0,0.8717948717948718,-0.8828136778845161,1.50255733906637
WDR73,24.0,62.0,0.6153846153846154,-0.9709358825400284,9.49035533947249
WDR76,3.0,8.0,0.07692307692307693,-0.5383879519740662,7.83097292270808
WDR83,15.0,38.0,0.38461538461538464,-0.6610393979646064,5.03863428038603
WDR83OS,4.0,10.0,0.10256410256410256,-0.6214672649898907,9.14714222040749
WRAP73,4.0,10.0,0.10256410256410256,-0.6115332292755215,17.4932345574184
WSB2,3.0,8.0,0.07692307692307693,-0.5626254820565506,9.41332223412278
WWTR1,13.0,33.0,0.3333333333333333,-0.7169418447187959,6.89514756963106
XPOT,16.0,41.0,0.41025641025641024,-0.5991788344613749,1.94359780597077
XPR1,6.0,15.0,0.15384615384615385,-0.6696042537116773,27.5083768952415
XRCC1,4.0,10.0,0.10256410256410256,-0.6106602458433996,19.7694266247934
XRCC4,4.0,10.0,0.10256410256410256,-0.5670162560157956,1.18755410485548
XYLT2,5.0,13.0,0.1282051282051282,-0.548365571179025,18.8201782091605
YAP1,11.0,28.0,0.28205128205128205,-0.6487747066529204,6.16677946421774
YIPF2,2.0,5.0,0.05128205128205128,-0.6321055597809011,5.62033430335531
YIPF5,6.0,15.0,0.15384615384615385,-0.5802295035254981,9.28274493086313
YPEL1,3.0,8.0,0.07692307692307693,-0.5970300480224437,4.97368938097219
YWHAE,6.0,15.0,0.15384615384615385,-0.5815183777726554,1.26149511881357
YWHAG,2.0,5.0,0.05128205128205128,-0.5782529923353537,4.71548996266072
ZBTB18,2.0,5.0,0.05128205128205128,-0.5697218127505275,31.4838236106921
ZBTB45,3.0,8.0,0.07692307692307693,-0.604712909842075,13.9665118376734
ZBTB7A,5.0,13.0,0.1282051282051282,-0.6429565820403031,4.10217765785102
ZC3H10,2.0,5.0,0.05128205128205128,-0.6552771445044514,7.99624865352521
ZC3H3,7.0,18.0,0.1794871794871795,-0.5487154633661735,1.99600393700113
ZDHHC11,5.0,13.0,0.1282051282051282,-0.6118338562647067,7.27794231883608
ZDHHC18,2.0,5.0,0.05128205128205128,-0.5116670104454972,4.61374326239977
ZEB1,6.0,15.0,0.15384615384615385,-0.7580617073365754,22.7179005859691
ZFAND5,6.0,15.0,0.15384615384615385,-0.547125464222332,1.14679149019624
ZFAT,2.0,5.0,0.05128205128205128,-0.6059105904835835,4.0732083703162
ZFP36L1,11.0,28.0,0.28205128205128205,-0.7679286217077712,4.1474118095978
ZFP36L2,4.0,10.0,0.10256410256410256,-0.6860477095117272,10.6060714314027
ZFP69,2.0,5.0,0.05128205128205128,-0.5926233851681826,6.16839045576275
ZFR,5.0,13.0,0.1282051282051282,-0.6157390261082636,7.80468019676656
ZKSCAN5,2.0,5.0,0.05128205128205128,-0.5486209329912914,1.72154396052184
ZMYM4,3.0,8.0,0.07692307692307693,-0.5815953957212013,14.238128352675
ZNF205,3.0,8.0,0.07692307692307693,-0.5617232817825244,15.2662970910081
ZNF208,2.0,5.0,0.05128205128205128,-0.5382808372919138,3.14624984237391
ZNF217,10.0,26.0,0.2564102564102564,-0.6844245039167147,4.52955628941992
ZNF24,2.0,5.0,0.05128205128205128,-0.596732966979455,5.49318397327492
ZNF317,2.0,5.0,0.05128205128205128,-0.5640219193850272,0.0726744258514209
ZNF511,5.0,13.0,0.1282051282051282,-0.5797440824425844,8.18254022811842
ZNF587,3.0,8.0,0.07692307692307693,-0.5646845114148952,4.87953947962696
ZNF593,10.0,26.0,0.2564102564102564,-0.6771027379128216,7.86103395814166
ZNF638,5.0,13.0,0.1282051282051282,-0.6227236930995321,12.044549749547
ZNF658,3.0,8.0,0.07692307692307693,-0.6015931699879147,9.17084081566587
ZNF687,2.0,5.0,0.05128205128205128,-0.5273447292382951,0.0743202283941358
ZNHIT1,8.0,21.0,0.20512820512820512,-0.6151632380457923,2.3326824666026
ZNHIT3,14.0,36.0,0.358974358974359,-0.7157907883906377,1.5486095476274
ZRSR2,27.0,69.0,0.6923076923076923,-0.7853967793780507,18.6716618197913
ZSCAN18,2.0,5.0,0.05128205128205128,-0.5144673328943474,10.3600878973475
ZSWIM8,3.0,8.0,0.07692307692307693,-0.5084409967436688,2.02294718646706
ZW10,3.0,8.0,0.07692307692307693,-0.6291800812397449,0.0744054444763123
ZWILCH,3.0,8.0,0.07692307692307693,-0.6324163356461464,17.8897495659098
ZWINT,22.0,56.0,0.5641025641025641,-0.7178210411753541,0.0048723586807786
